Application ID/ Customer number,Loan No.,Branch,Loan Product,Principal amount,Loan release date,Repayment date,Total Cost,Total Repaid,Loan Interest,Initiation Fee,Penalties
W2001,1,Waiyaki Way,SUPA FAST,9500,10/14/2021,11/13/2021,12350,12350,2850,500,0
W2001,2,Waiyaki Way,SUPA FAST,9500,12/3/2021,1/2/2022,12350,12350,2850,0,0
W2001,3,Waiyaki Way,SUPA FAST,9500,1/19/2022,2/18/2023,12350,12350,2850,0,0
W2001,4,Waiyaki Way,SUPA FAST,14500,2/16/2022,3/18/2022,18850,1400,4350,0,4060
W2002,1,Waiyaki Way,SUPA FAST,10000,10/15/2021,11/14/2021,13000,13000,3000,500,600
W2002,2,Waiyaki Way,SUPA FAST,10000,11/15/2021,12/15/2021,13000,13000,3000,0,0
W2002,3,Waiyaki Way,SUPA FAST,10000,12/14/2021,1/13/2022,13000,0,3000,0,2800
W2003,1,Waiyaki Way,SUPA FAST,10000,10/19/2021,11/18/2021,13000,13000,3000,500,0
W2003,2,Waiyaki Way,SUPA FAST,10000,11/26/2021,12/26/2021,13000,13000,3000,0,0
W2004,1,Waiyaki Way,SUPA FAST,8000,10/21/2021,11/20/2021,10400,10400,2400,500,0
W2004,2,Waiyaki Way,SUPA FAST,8000,11/19/2021,12/18/2021,10400,10400,2400,0,0
W2004,3,Waiyaki Way,SUPA FAST,8000,12/17/2021,1/16/2022,10400,10400,2400,0,0
W2004,4,Waiyaki Way,SUPA FAST,8000,1/14/2022,2/13/2022,10400,10400,2400,0,0
W2004,5,Waiyaki Way,SUPA FAST,8000,2/11/2022,3/13/2022,10400,10400,2400,0,0
W2004,5,Waiyaki Way,SUPA FAST,8000,3/15/2022,4/14/2022,10400,10400,2400,0,0
W2004,6,Waiyaki Way,SUPA FAST,8000,4/12/2022,5/12/2022,10400,10400,2400,0,0
W2004,7,Waiyaki Way,SUPA FAST,10000,5/10/2022,6/9/2022,13000,13000,3000,0,0
W2004,8,Waiyaki Way,SUPA FAST,10000,6/8/2022,7/8/2022,13000,13000,3000,0,0
W2004,9,Waiyaki Way,SUPA FAST,10000,7/4/2022,8/3/2022,13000,13000,3000,0,0
W2004,10,Waiyaki Way,SUPA FAST,10000,7/30/2022,8/29/2022,13000,13000,3000,0,0
W2004,11,Waiyaki Way,SUPA FAST,10000,8/26/2022,9/25/2022,13000,13000,3000,0,0
W2004,12,Waiyaki Way,SUPA FAST,10000,9/26/2022,10/26/2022,13000,13000,3000,0,0
W2004,13,Waiyaki Way,SUPA FAST,10000,10/27/2022,11/26/2022,13000,13000,3000,0,0
W2004,14,Waiyaki Way,SUPA FAST,10000,11/24/2022,12/24/2022,13000,13000,3000,0,0
W2004,15,Waiyaki Way,SUPA FAST,10000,12/21/2022,1/20/2023,13000,3190,3000,0,2800
W2005,1,Waiyaki Way,SUPA FAST,6500,10/21/2021,11/20/2021,8450,8450,1950,500,0
W2005,2,Waiyaki Way,SUPA FAST,6500,11/18/2021,12/18/2021,8450,8450,1950,0,0
W2005,3,Waiyaki Way,SUPA FAST,6500,12/17/2021,1/16/2022,8450,8450,1950,0,0
W2005,4,Waiyaki Way,SUPA FAST,8000,1/14/2022,2/13/2022,10400,10400,2400,0,0
W2005,5,Waiyaki Way,SUPA FAST,8000,2/11/2022,3/13/2022,10400,10400,2400,0,0
W2005,6,Waiyaki Way,SUPA FAST,8000,3/11/2022,4/10/2022,10400,10400,2400,0,0
W2005,7,Waiyaki Way,SUPA FAST,8000,4/6/2022,5/6/2022,10400,6200,2400,0,2240
W2006,1,Waiyaki Way,SUPA FAST,9800,10/21/2021,11/20/2021,12740,12740,2940,500,0
W2006,2,Waiyaki Way,SUPA FAST,9800,11/10/2021,12/10/2021,12740,9715,2940,0,3060
W2007,1,Waiyaki Way,SUPA FAST,6000,10/27/2021,11/26/2021,7800,7800,1800,500,0
W2007,2,Waiyaki Way,SUPA FAST,6000,11/22/2021,12/22/2021,7800,7800,1800,0,0
W2007,3,Waiyaki Way,SUPA FAST,6000,12/20/2021,1/19/2022,7800,7800,1800,0,0
W2007,4,Waiyaki Way,SUPA FAST,6000,1/10/2022,2/9/2022,7800,7800,1800,0,0
W2007,5,Waiyaki Way,SUPA FAST,6000,2/4/2022,3/6/2022,7800,7800,1800,0,0
W2007,6,Waiyaki Way,SUPA FAST,8000,3/3/2022,4/2/2022,10400,10400,2400,0,0
W2007,7,Waiyaki Way,SUPA FAST,8000,3/30/2022,4/29/2022,10400,10400,2400,0,0
W2007,8,Waiyaki Way,SUPA FAST,8000,4/28/2022,5/28/2022,10400,10400,2400,0,0
W2007,9,Waiyaki Way,SUPA FAST,8000,5/24/2022,6/23/2022,10400,10400,2400,0,0
W2007,10,Waiyaki Way,SUPA FAST,10000,6/16/2022,7/16/2022,13000,13000,3000,0,0
W2007,11,Waiyaki Way,SUPA FAST,10000,7/14/2022,8/13/2022,13000,2070,3000,0,2800
W2008,1,Waiyaki Way,SUPA FAST,3000,10/27/2021,11/26/2021,3900,3900,900,500,0
W2008,2,Waiyaki Way,SUPA FAST,3000,11/15/2021,12/15/2021,3900,3900,900,0,0
W2008,3,Waiyaki Way,SUPA FAST,3000,1/4/2022,2/3/2022,3900,3900,900,0,0
W2008,4,Waiyaki Way,SUPA FAST,3000,2/12/2022,3/14/2022,3900,3900,900,0,0
W2008,5,Waiyaki Way,SUPA FAST,2000,3/24/2022,4/23/2022,2600,2600,600,0,0
W2008,6,Waiyaki Way,SUPA FAST,3000,4/19/2022,5/19/2022,3900,3900,900,0,0
W2008,7,Waiyaki Way,SUPA FAST,3000,5/17/2022,6/16/2022,3900,3900,900,0,0
W2008,8,Waiyaki Way,SUPA FAST,3000,6/17/2022,7/17/2022,3900,3900,900,0,0
W2008,9,Waiyaki Way,SUPA FAST,3000,9/23/2022,10/22/2022,3900,975,900,0,840
W2009,1,Waiyaki Way,SUPA FAST,3000,10/30/2021,11/29/2021,3900,3900,900,500,0
W2010,1,Waiyaki Way,SUPA FAST,10000,11/3/2021,12/3/2021,13000,13000,3000,500,0
W2010,2,Waiyaki Way,SUPA FAST,8000,11/30/2021,12/30/2021,10400,10400,2400,0,0
W2010,3,Waiyaki Way,SUPA FAST,10000,1/4/2022,2/3/2022,13000,13000,3000,0,600
W2010,4,Waiyaki Way,SUPA FAST,15000,2/4/2022,3/6/2022,19500,19500,4500,0,0
W2010,5,Waiyaki Way,SUPA FAST,15000,3/2/2022,4/1/2022,19500,19500,4500,0,0
W2010,6,Waiyaki Way,SUPA FAST,15000,3/31/2022,4/30/2022,19500,19500,4500,0,0
W2010,7,Waiyaki Way,SUPA FAST,20000,4/26/2022,4/26/2022,26000,26000,6000,0,0
W2010,8,Waiyaki Way,SUPA FAST,20000,5/25/2022,6/24/2022,26000,26000,6000,0,0
W2010,9,Waiyaki Way,SUPA FAST,25000,6/22/2022,7/22/2022,32500,32500,7500,0,0
W2010,10,Waiyaki Way,SUPA FAST,25000,7/19/2022,8/18/2022,32500,10200,7500,0,1500
W2011,1,Waiyaki Way,SUPA FAST,3000,11/5/2021,12/5/2021,3900,3900,900,500,0
W2012,1,Waiyaki Way,SUPA FAST,10000,11/5/2021,12/5/2021,13000,13000,3000,0,0
W2012,2,Waiyaki Way,SUPA FAST,12000,11/20/2021,12/20/2021,15600,16500,3600,0,0
W2013,1,Waiyaki Way,SUPA FAST,5000,11/6/2021,12/6/2021,6500,1625,1500,500,1400
W2014,1,Waiyaki Way,SUPA FAST,10000,11/8/2021,12/8/2021,13000,13000,3000,500,600
W2015,1,Waiyaki Way,SUPA FAST,5000,11/8/2021,12/8/2021,6500,6500,1500,500,0
W2015,2,Waiyaki Way,SUPA FAST,5000,1/28/2022,2/27/2022,6500,6500,1500,0,0
W2015,3,Waiyaki Way,SUPA FAST,5000,2/23/2022,3/25/2022,6500,6500,1500,0,0
W2015,4,Waiyaki Way,SUPA FAST,5000,3/19/2022,4/18/2022,6500,6500,1500,0,0
W2016,1,Waiyaki Way,SUPA FAST,3000,11/9/2021,12/8/2021,3900,3900,900,0,0
W2017,1,Waiyaki Way,SUPA FAST,10000,11/10/2021,12/10/2021,13000,13000,3000,500,600
W2017,2,Waiyaki Way,SUPA FAST,10000,12/9/2021,1/8/2022,13000,0,3000,0,1600
W2018,1,Waiyaki Way,SUPA FAST,6000,11/11/2021,12/11/2021,7800,7800,1800,500,0
W2018,2,Waiyaki Way,SUPA FAST,6000,12/7/2021,1/6/2022,7800,7800,1800,0,0
W2018,3,Waiyaki Way,SUPA FAST,5000,2/7/2022,3/9/2022,6500,6500,1500,0,0
W2018,4,Waiyaki Way,SUPA FAST,6000,3/7/2022,4/6/2022,7800,7800,1800,0,0
W2018,5,Waiyaki Way,SUPA FAST,6000,4/4/2022,5/4/2022,7800,7800,1800,0,0
W2018,6,Waiyaki Way,SUPA FAST,6000,4/30/2022,5/30/2022,7800,7800,1800,0,0
W2018,7,Waiyaki Way,SUPA FAST,6000,5/26/2022,6/25/2022,7800,7800,1800,0,0
W2018,8,Waiyaki Way,SUPA FAST,7000,6/21/2022,7/21/2022,9100,9100,2100,0,0
W2018,9,Waiyaki Way,SUPA FAST,7000,7/18/2022,8/17/2022,9100,9100,2100,0,0
W2018,10,Waiyaki Way,SUPA FAST,7000,8/15/2022,9/14/2022,9100,9100,2100,0,0
W2018,11,Waiyaki Way,SUPA FAST,7000,9/20/2022,10/20/2022,9100,9100,2100,0,0
W2018,12,Waiyaki Way,SUPA FAST,7000,10/18/2022,11/17/2022,9100,9100,2100,0,0
W2018,13,Waiyaki Way,SUPA FAST,7000,11/14/2022,12/14/2022,9100,9100,2100,0,0
W2018,14,Waiyaki Way,SUPA FAST,7000,12/13/2022,1/12/2023,9100,9100,2100,0,0
W2018,15,Waiyaki Way,SUPA FAST,7000,1/11/2023,2/10/2023,9100,9100,2100,0,0
W2018,16,Waiyaki Way,SUPA FAST,7000,2/8/2023,3/10/2023,9100,9100,2100,0,0
W2018,17,Waiyaki Way,SUPA FAST,7000,3/8/2023,4/7/2023,9100,9100,2100,0,0
W2018,18,Waiyaki Way,SUPA FAST,8000,4/5/2023,5/5/2023,10400,10400,2400,0,0
W2018,19,Waiyaki Way,SUPA FAST,8000,5/4/2023,6/3/2023,10400,10400,2400,0,0
W2018,20,Waiyaki Way,SUPA FAST,8000,6/2/2023,7/2/2023,10400,10400,2400,0,0
W2018,21,Waiyaki Way,SUPA FAST,8000,7/10/2023,8/9/2023,10400,5200,2400,0,0
W2019,1,Waiyaki Way,SUPA FAST,7000,11/12/2021,12/12/2021,9100,9100,2100,500,0
W2019,2,Waiyaki Way,SUPA FAST,4000,1/27/2022,2/26/2022,5200,5200,1200,0,0
W2019,3,Waiyaki Way,SUPA FAST,4000,2/23/2022,3/25/2022,5200,5200,1200,0,0
W2019,4,Waiyaki Way,SUPA FAST,4000,4/1/2022,5/1/2022,5200,5200,1200,0,0
W2019,5,Waiyaki Way,SUPA FAST,4000,5/31/2022,6/30/2022,5200,5200,1200,0,0
W2019,6,Waiyaki Way,SUPA FAST,4000,7/8/2022,8/7/2022,5200,5200,1200,0,0
W2019,7,Waiyaki Way,SUPA FAST,4000,8/5/2022,9/4/2022,5200,5200,1200,0,0
W2019,8,Waiyaki Way,SUPA FAST,4000,1/20/2023,2/19/2023,5200,5200,1200,0,0
W2019,9,Waiyaki Way,SUPA FAST,4000,2/28/2023,3/30/2023,5200,5200,1200,0,0
W2019,10,Waiyaki Way,SUPA FAST,5000,3/16/2023,4/15/2023,6500,6500,1500,0,0
W2019,11,Waiyaki Way,SUPA FAST,4000,4/17/2023,5/17/2023,5200,5200,1200,0,0
W2019,12,Waiyaki Way,SUPA FAST,4000,6/13/2023,7/13/2023,5200,5200,1200,0,0
W2019,13,Waiyaki Way,SUPA FAST,4000,7/18/2023,8/17/2023,5200,700,1200,0,0
W2020,1,Waiyaki Way,SUPA FAST,3000,11/13/2021,12/13/2021,3900,950,900,500,840
W2021,1,Waiyaki Way,SUPA FAST,8000,11/13/2021,12/13/2021,10400,10400,2400,500,0
W2022,1,Waiyaki Way,SUPA FAST,10000,11/13/2021,12/13/2021,13000,13000,3000,500,0
W2023,1,Waiyaki Way,SUPA FAST,5000,11/15/2021,12/15/2021,6500,6500,1500,500,0
W2023,2,Waiyaki Way,SUPA FAST,5000,12/7/2021,1/6/2022,6500,6500,1500,0,0
W2024,1,Waiyaki Way,SUPA FAST,5000,11/15/2021,12/15/2021,6500,6500,1500,500,0
W2025,1,Waiyaki Way,SUPA FAST,10000,11/15/2021,12/15/2021,13000,13000,3000,500,0
W2025,2,Waiyaki Way,SUPA FAST,10000,12/15/2021,1/14/2022,13000,13000,3000,0,0
W2025,3,Waiyaki Way,SUPA FAST,10000,1/10/2022,2/12/2022,13000,13000,3000,0,0
W2025,4,Waiyaki Way,SUPA FAST,15000,1/27/2022,2/29/2022,19500,19500,4500,0,0
W2025,5,Waiyaki Way,SUPA FAST,15000,2/28/2022,3/30/2022,19500,19500,4500,0,0
W2025,6,Waiyaki Way,SUPA FAST,15000,3/28/2022,4/27/2022,19500,19500,4500,0,0
W2025,7,Waiyaki Way,SUPA FAST,20000,4/13/2022,5/13/2022,26000,26000,6000,0,0
W2025,8,Waiyaki Way,SUPA FAST,20000,5/18/2022,6/17/2022,26000,26000,6000,0,0
W2025,9,Waiyaki Way,SUPA FAST,20000,6/4/2022,7/4/2022,26000,26000,6000,0,0
W2025,10,Waiyaki Way,SUPA FAST,25000,6/29/2022,7/29/2022,32500,7000,7500,0,7000
W2026,1,Waiyaki Way,SUPA FAST,5000,11/16/2021,12/16/2021,6500,6500,1500,500,0
W2026,2,Waiyaki Way,SUPA FAST,5000,12/7/2021,1/6/2022,6500,6500,1500,0,0
W2027,1,Waiyaki Way,SUPA FAST,4000,11/16/2021,12/16/2021,5200,5200,1200,500,0
W2028,1,Waiyaki Way,SUPA FAST,5000,11/17/2021,12/17/2021,6500,5278,1500,500,1400
W2029,1,Waiyaki Way,SUPA FAST,10000,11/18/2021,12/18/2021,13000,13000,3000,500,0
W2029,2,Waiyaki Way,SUPA FAST,10000,12/14/2021,1/13/2022,13000,13000,3000,0,0
W2029,3,Waiyaki Way,SUPA FAST,15000,1/10/2022,2/9/2022,19500,19500,4500,0,0
W2029,4,Waiyaki Way,SUPA FAST,15000,2/8/2022,3/10/2022,19500,19500,4500,0,0
W2029,5,Waiyaki Way,SUPA FAST,15000,3/9/2022,4/8/2022,19500,19500,4500,0,0
W2029,6,Waiyaki Way,SUPA FAST,20000,4/6/2022,5/6/2022,26000,26000,6000,0,0
W2029,7,Waiyaki Way,SUPA FAST,20000,5/5/2022,6/4/2022,26000,26000,6000,0,0
W2029,8,Waiyaki Way,SUPA FAST,20000,6/3/2022,7/3/2022,26000,26000,6000,0,0
W2029,9,Waiyaki Way,SUPA FAST,20000,6/30/2022,7/30/2022,26000,26000,6000,0,0
W2029,10,Waiyaki Way,SUPA FAST,20000,7/28/2022,8/27/2022,26000,5500,6000,0,5600
W2030,1,Waiyaki Way,SUPA FAST,3000,11/18/2021,12/18/2021,3900,2500,900,500,840
W2031,1,Waiyaki Way,SUPA FAST,3000,11/19/2021,12/19/2021,3900,3900,900,500,0
W2031,2,Waiyaki Way,SUPA FAST,3000,2/18/2022,3/20/2022,3900,3900,900,0,0
W2032,1,Waiyaki Way,SUPA FAST,10000,11/20/2021,12/20/2021,13000,13000,3000,500,0
W2032,2,Waiyaki Way,SUPA FAST,10000,12/17/2021,1/16/2022,13000,13000,3000,0,0
W2032,3,Waiyaki Way,SUPA FAST,10000,2/23/2022,3/25/2022,13000,13000,3000,0,0
W2032,4,Waiyaki Way,SUPA FAST,10000,3/24/2022,4/23/2022,13000,13000,3000,0,0
W2032,5,Waiyaki Way,SUPA FAST,10000,4/22/2022,5/22/2022,13000,13000,3000,0,0
W2032,6,Waiyaki Way,SUPA FAST,10000,5/21/2022,6/20/2022,13000,13000,3000,0,0
W2032,7,Waiyaki Way,SUPA FAST,10000,5/25/2022,6/24/2022,13000,13000,3000,0,0
W2032,8,Waiyaki Way,SUPA FAST,15000,6/20/2022,7/20/2022,19500,19500,4500,0,0
W2032,9,Waiyaki Way,SUPA FAST,5000,7/8/2022,8/7/2022,6500,6500,1500,0,0
W2032,10,Waiyaki Way,SUPA FAST,10000,7/30/2022,8/29/2022,13000,13000,3000,0,0
W2033,1,Waiyaki Way,SUPA FAST,3000,11/22/2021,12/22/2021,3900,3900,900,500,0
W2034,1,Waiyaki Way,SUPA FAST,5000,11/22/2021,12/22/2021,6500,6500,1500,500,0
W2034,2,Waiyaki Way,SUPA FAST,5000,12/17/2021,1/16/2022,6500,6500,1500,0,0
W2034,3,Waiyaki Way,SUPA FAST,5000,1/11/2022,2/13/2022,6500,6500,1500,0,0
W2034,4,Waiyaki Way,SUPA FAST,8000,2/1/2022,3/3/2022,10400,5470,2400,0,2240
W2035,1,Waiyaki Way,SUPA FAST,2500,11/23/2021,12/23/2021,3250,3250,750,500,0
W2035,2,Waiyaki Way,SUPA FAST,3000,4/13/2022,5/13/2022,3900,3900,900,0,0
W2035,3,Waiyaki Way,SUPA FAST,3000,5/6/2022,6/5/2022,3900,0,900,0,870
W2036,1,Waiyaki Way,SUPA FAST,8000,11/23/2021,12/23/2023,10400,10400,2400,500,22400
W2037,1,Waiyaki Way,SUPA FAST,10000,11/24/2021,12/24/2021,13000,13000,3000,500,0
W2037,2,Waiyaki Way,SUPA FAST,10000,12/22/2021,1/21/2022,13000,13000,3000,0,0
W2037,3,Waiyaki Way,SUPA FAST,10000,1/20/2022,2/19/2022,13000,13000,3000,0,0
W2037,4,Waiyaki Way,SUPA FAST,15000,2/18/2022,3/20/2022,19500,19500,4500,0,0
W2038,1,Waiyaki Way,SUPA FAST,5000,11/24/2021,12/24/2021,6500,6500,1500,500,0
W2038,2,Waiyaki Way,SUPA FAST,5000,6/3/2022,7/3/2022,6500,6500,1500,0,0
W2038,3,Waiyaki Way,SUPA FAST,3000,6/22/2023,7/22/2022,3900,3900,900,0,0
W2038,4,Waiyaki Way,SUPA FAST,2000,7/6/2022,8/5/2022,2600,2600,600,0,0
W2039,1,Waiyaki Way,SUPA FAST,3000,11/26/2021,12/26/2021,3900,975,900,500,840
W2040,1,Waiyaki Way,SUPA FAST,10000,11/25/2021,12/25/2021,13000,13000,3000,500,0
W2040,2,Waiyaki Way,SUPA FAST,10000,12/24/2021,1/23/2021,13000,13000,3000,0,0
W2040,3,Waiyaki Way,SUPA FAST,10000,1/27/2022,2/26/2022,13000,13000,3000,0,0
W2040,4,Waiyaki Way,SUPA FAST,6000,3/4/2022,4/3/2022,7800,7800,1800,0,0
W2040,5,Waiyaki Way,SUPA FAST,10000,4/1/2022,5/1/2022,13000,13000,3000,0,0
W2040,6,Waiyaki Way,SUPA FAST,10000,4/28/2022,5/28/2022,13000,13000,3000,0,0
W2040,7,Waiyaki Way,SUPA FAST,10000,5/23/2022,6/22/2022,13000,13000,3000,0,0
W2041,1,Waiyaki Way,SUPA FAST,5000,11/29/2021,12/29/2021,6500,6500,1500,0,0
W2041,2,Waiyaki Way,SUPA FAST,5000,1/4/2022,2/3/2022,6500,6500,1500,0,0
W2041,3,Waiyaki Way,SUPA FAST,5000,2/3/2022,3/5/2022,6500,6500,1500,0,0
W2041,4,Waiyaki Way,SUPA FAST,5000,3/3/2022,4/2/2022,6500,6500,1500,0,0
W2041,5,Waiyaki Way,SUPA FAST,5000,3/30/2022,4/29/2022,6500,6500,1500,0,0
W2041,6,Waiyaki Way,SUPA FAST,5000,4/26/2022,5/26/2022,6500,6500,1500,0,0
W2041,7,Waiyaki Way,SUPA FAST,5000,6/29/2022,7/29/2022,6500,6500,1500,0,0
W2041,8,Waiyaki Way,SUPA FAST,5000,7/26/2022,8/25/2022,6500,6500,1500,0,0
W2041,9,Waiyaki Way,SUPA FAST,5000,8/24/2022,9/23/2022,6500,6500,1500,0,0
W2041,10,Waiyaki Way,SUPA FAST,5000,9/21/2022,10/21/2022,6500,6500,1500,0,0
W2041,11,Waiyaki Way,SUPA FAST,5000,10/19/2022,11/18/2022,6500,6500,1500,0,0
W2041,12,Waiyaki Way,SUPA FAST,5000,11/17/2022,12/17/2022,6500,6500,1500,0,0
W2041,13,Waiyaki Way,SUPA FAST,5000,12/16/2022,1/15/2023,6500,6500,1500,0,0
W2041,14,Waiyaki Way,SUPA FAST,5000,1/14/2022,2/13/2022,6500,6500,1500,0,0
W2041,15,Waiyaki Way,SUPA FAST,5000,2/11/2023,3/13/2023,6500,6500,1500,0,0
W2041,16,Waiyaki Way,SUPA FAST,5000,3/14/2023,4/13/2023,6500,6500,1500,0,0
W2042,1,Waiyaki Way,SUPA FAST,10000,11/29/2021,12/29/2021,13000,13000,3000,500,0
W2042,2,Waiyaki Way,SUPA FAST,5000,2/9/2022,3/11/2022,6500,6500,1500,0,0
W2042,3,Waiyaki Way,SUPA FAST,5000,3/8/2022,4/7/2022,6500,6500,1500,0,0
W2042,4,Waiyaki Way,SUPA FAST,5000,4/6/2022,5/6/2022,6500,6500,1500,0,0
W2042,5,Waiyaki Way,SUPA FAST,5000,5/5/2022,6/4/2022,6500,6500,1500,0,0
W2042,6,Waiyaki Way,SUPA FAST,5000,6/3/2022,7/3/2022,6500,6500,1500,0,0
W2042,7,Waiyaki Way,SUPA FAST,5000,6/28/2022,7/28/2022,6500,6500,1500,0,0
W2042,8,Waiyaki Way,SUPA FAST,5000,7/26/2022,8/26/2022,6500,6500,1500,0,0
W2043,1,Waiyaki Way,SUPA FAST,5000,11/29/2021,12/29/2021,6500,6500,1500,500,0
W2044,1,Waiyaki Way,SUPA FAST,7000,11/29/2021,12/29/2021,9100,9100,2100,500,0
W2045,1,Waiyaki Way,SUPA FAST,5000,12/1/2021,12/31/2021,6500,6500,1500,500,0
W2045,2,Waiyaki Way,SUPA FAST,5000,12/29/2021,1/28/2022,6500,6500,1500,0,0
W2045,3,Waiyaki Way,SUPA FAST,5000,1/17/2022,2/16/2022,6500,6500,1500,0,0
W2045,4,Waiyaki Way,SUPA FAST,8000,1/27/2022,2/29/2022,10400,10400,2400,0,0
W2045,5,Waiyaki Way,SUPA FAST,8000,2/14/2022,3/16/2022,10400,10400,2400,0,0
W2045,6,Waiyaki Way,SUPA FAST,8000,3/7/2022,4/6/2022,10400,10400,2400,0,0
W2045,7,Waiyaki Way,SUPA FAST,8000,3/31/2022,4/30/2022,10400,10400,2400,0,0
W2045,8,Waiyaki Way,SUPA FAST,8000,4/21/2022,5/21/2022,10400,10400,2400,0,0
W2045,9,Waiyaki Way,SUPA FAST,8000,5/20/2022,6/19/2022,10400,10400,2400,0,0
W2045,10,Waiyaki Way,SUPA FAST,8000,6/14/2022,7/14/2022,10400,10400,2400,0,0
W2045,11,Waiyaki Way,SUPA FAST,8000,7/8/2022,8/7/2022,10400,0,2400,0,2240
W2046,1,Waiyaki Way,SUPA FAST,4000,12/2/2021,1/1/2022,5200,5200,1200,500,0
W2046,2,Waiyaki Way,SUPA FAST,4000,2/7/2022,3/9/2022,5200,5200,1200,0,0
W2046,3,Waiyaki Way,SUPA FAST,4000,3/8/2022,4/7/2022,5200,5200,1200,0,0
W2046,4,Waiyaki Way,SUPA FAST,4000,4/1/2022,5/1/2022,5200,5200,1200,0,0
W2046,5,Waiyaki Way,SUPA FAST,4000,4/30/2022,5/30/2022,5200,5200,1200,0,0
W2046,6,Waiyaki Way,SUPA FAST,4000,6/6/2022,7/6/2022,5200,5200,1200,0,0
W2046,7,Waiyaki Way,SUPA FAST,4000,12/6/2022,1/5/2023,5200,5200,1200,0,0
W2046,8,Waiyaki Way,SUPA FAST,4000,1/4/2023,2/3/2023,5200,5200,1200,0,0
W2046,9,Waiyaki Way,SUPA FAST,4000,1/23/2023,2/22/2023,5200,5200,1200,0,0
W2046,10,Waiyaki Way,SUPA FAST,4000,2/22/2023,3/24/2023,5200,5200,1200,0,0
W2046,11,Waiyaki Way,SUPA FAST,4000,3/23/2023,4/22/2023,5200,5200,1200,0,0
W2046,12,Waiyaki Way,SUPA FAST,4000,6/8/2023,7/8/2023,5200,5200,1200,0,0
W2046,13,Waiyaki Way,SUPA FAST,5000,7/8/2023,8/7/2023,6500,6500,1500,0,0
W2047,1,Waiyaki Way,SUPA FAST,10000,1/18/2022,2/17/2022,13000,13000,3000,500,0
W2047,2,Waiyaki Way,SUPA FAST,10000,2/14/2022,3/16/2022,13000,13000,3000,0,0
W2047,3,Waiyaki Way,SUPA FAST,10000,3/10/2022,4/9/2022,13000,13000,3000,0,0
W2047,4,Waiyaki Way,SUPA FAST,10000,4/11/2022,5/4/2022,13000,0,3000,0,2800
W2048,1,Waiyaki Way,SUPA FAST,10000,1/18/2022,2/17/2022,13000,13000,3000,500,0
W2048,2,Waiyaki Way,SUPA FAST,10000,2/14/2022,3/16/2022,13000,13000,3000,0,0
W2048,3,Waiyaki Way,SUPA FAST,10000,3/17/2022,4/16/2022,13000,13000,3000,0,0
W2048,4,Waiyaki Way,SUPA FAST,10000,4/14/2022,5/14/2022,13000,13000,3000,0,0
W2048,5,Waiyaki Way,SUPA FAST,10000,5/14/2022,6/13/2022,13000,13000,3000,0,0
W2048,6,Waiyaki Way,SUPA FAST,10000,6/14/2022,7/14/2022,13000,3800,3000,0,2800
W2049,1,Waiyaki Way,SUPA FAST,7000,1/19/2022,2/18/2022,9100,9100,2100,500,0
W2049,2,Waiyaki Way,SUPA FAST,7000,2/14/2022,3/16/2022,9100,9100,2100,0,0
W2049,3,Waiyaki Way,SUPA FAST,7000,3/8/2022,4/7/2022,9100,9100,2100,0,0
W2049,4,Waiyaki Way,SUPA FAST,9000,3/24/2022,4/23/2022,11700,11700,2700,0,0
W2049,5,Waiyaki Way,SUPA FAST,9000,4/11/2022,5/11/2022,11700,11700,2700,0,0
W2049,6,Waiyaki Way,SUPA FAST,9000,4/30/2022,5/30/2022,11700,11700,2700,0,0
W2049,7,Waiyaki Way,SUPA FAST,9000,5/21/2022,6/20/2022,11700,11700,2700,0,0
W2049,8,Waiyaki Way,SUPA FAST,12000,6/15/2022,7/15/2022,15600,15600,3600,0,0
W2049,9,Waiyaki Way,SUPA FAST,12000,7/12/2022,8/11/2022,15600,15600,3600,0,0
W2050,1,Waiyaki Way,SUPA FAST,5000,1/19/2022,2/18/2022,6500,6500,1500,0,0
W2050,2,Waiyaki Way,SUPA FAST,5000,2/14/2022,3/16/2022,6500,6500,1500,0,0
W2050,3,Waiyaki Way,SUPA FAST,5000,3/8/2022,4/7/2022,6500,6500,1500,0,0
W2050,4,Waiyaki Way,SUPA FAST,7000,3/24/2022,4/23/2022,9100,9100,2100,0,0
W2050,5,Waiyaki Way,SUPA FAST,7000,4/22/2022,5/22/2022,9100,9100,2100,0,0
W2050,6,Waiyaki Way,SUPA FAST,7000,5/21/2022,6/20/2022,9100,9100,2100,0,0
W2050,7,Waiyaki Way,SUPA FAST,7000,6/15/2022,7/15/2022,9100,9100,2100,0,0
W2050,8,Waiyaki Way,SUPA FAST,7000,7/12/2022,8/11/2022,9100,9100,2100,0,0
W2050,9,Waiyaki Way,SUPA FAST,7000,8/6/2022,9/5/2022,9100,9100,2100,0,0
W2051,1,Waiyaki Way,SUPA FAST,3000,1/19/2022,2/18/2022,3900,3900,900,500,0
W2051,2,Waiyaki Way,SUPA FAST,3000,2/14/2022,3/16/2022,3900,700,900,0,840
W2052,1,Waiyaki Way,SUPA FAST,8000,1/20/2022,2/19/2022,10400,10400,2400,500,0
W2052,2,Waiyaki Way,SUPA FAST,8000,2/18/2022,3/20/2022,10400,10400,2400,0,0
W2052,3,Waiyaki Way,SUPA FAST,8000,3/17/2022,4/16/2022,10400,10400,2400,0,0
W2053,1,Waiyaki Way,SUPA FAST,5000,1/22/2022,2/21/2022,6500,6500,1500,500,0
W2053,2,Waiyaki Way,SUPA FAST,5000,2/18/2022,3/20/2022,6500,6500,1500,0,0
W2053,3,Waiyaki Way,SUPA FAST,5000,3/21/2022,4/20/2022,6500,6500,1500,0,0
W2053,4,Waiyaki Way,SUPA FAST,5000,4/16/2022,5/16/2022,6500,6500,1500,0,0
W2053,5,Waiyaki Way,SUPA FAST,5000,5/13/2022,6/12/2022,6500,6500,1500,0,0
W2053,6,Waiyaki Way,SUPA FAST,5000,6/17/2022,7/17/2022,6500,6500,1500,0,0
W2054,1,Waiyaki Way,SUPA FAST,10000,1/24/2022,2/23/2022,13000,13000,3000,500,0
W2054,2,Waiyaki Way,SUPA FAST,10000,2/16/2022,3/18/2022,13000,13000,3000,0,0
W2054,3,Waiyaki Way,SUPA FAST,15000,3/1/2022,3/31/2022,19500,19500,4500,0,0
W2054,4,Waiyaki Way,SUPA FAST,15000,3/29/2022,4/28/2022,19500,4000,4500,0,4200
W2055,1,Waiyaki Way,SUPA FAST,10000,1/27/2022,2/26/2022,13000,13000,3000,500,0
W2056,1,Waiyaki Way,SUPA FAST,6000,1/27/2022,2/26/2022,7800,7800,1800,500,0
W2056,2,Waiyaki Way,SUPA FAST,6000,2/15/2022,3/17/2022,7800,7800,1800,0,0
W2056,3,Waiyaki Way,SUPA FAST,6000,3/24/2022,4/23/2022,7800,7800,1800,0,0
W2056,4,Waiyaki Way,SUPA FAST,5000,4/30/2022,5/30/2022,6500,6500,1500,0,0
W2056,5,Waiyaki Way,SUPA FAST,5000,6/3/2022,7/3/2022,6500,6500,1500,0,0
W2056,6,Waiyaki Way,SUPA FAST,5000,7/1/2022,7/31/2022,6500,6500,1500,0,0
W2056,7,Waiyaki Way,SUPA FAST,5000,7/27/2022,8/26/2022,6500,6500,1500,0,0
W2056,8,Waiyaki Way,SUPA FAST,5000,9/20/2022,10/20/2022,6500,6500,1500,0,0
W2056,9,Waiyaki Way,SUPA FAST,5000,10/18/2022,11/17/2022,6500,6500,1500,0,0
W2056,10,Waiyaki Way,SUPA FAST,5000,11/15/2022,12/15/2022,6500,6500,1500,0,0
W2056,11,Waiyaki Way,SUPA FAST,5000,12/13/2022,1/12/2023,6500,6500,1500,0,0
W2056,12,Waiyaki Way,SUPA FAST,5000,1/10/2023,2/9/2023,6500,6500,1500,0,0
W2056,13,Waiyaki Way,SUPA FAST,5000,2/7/2023,3/9/2023,6500,6500,1500,0,0
W2056,14,Waiyaki Way,SUPA FAST,5000,3/7/2023,4/6/2023,6500,6500,1500,0,0
W2056,15,Waiyaki Way,SUPA FAST,5000,4/3/2023,5/3/2023,6500,6500,1500,0,0
W2056,16,Waiyaki Way,SUPA FAST,5000,5/1/2023,5/31/2023,6500,6500,1500,0,0
W2056,17,Waiyaki Way,SUPA FAST,5000,5/30/2023,6/29/2023,6500,6500,1500,0,0
W2056,18,Waiyaki Way,SUPA FAST,5000,6/16/2023,7/16/2023,6500,1800,1500,0,300
W2057,1,Waiyaki Way,SUPA FAST,10000,1/29/2022,2/28/2022,13000,13000,3000,500,2800
W2058,1,Waiyaki Way,SUPA FAST,7000,1/29/2022,2/28/2022,9100,9100,2100,500,0
W2058,2,Waiyaki Way,SUPA FAST,7000,2/12/2022,3/14/2022,9100,9100,2100,0,0
W2058,3,Waiyaki Way,SUPA FAST,7000,3/7/2022,4/6/2022,9100,5700,2100,0,1120
W2059,1,Waiyaki Way,SUPA FAST,8000,2/2/2022,3/4/2022,10400,10400,2400,500,0
W2059,2,Waiyaki Way,SUPA FAST,8000,2/21/2022,3/23/2022,10400,10400,2400,0,0
W2059,3,Waiyaki Way,SUPA FAST,8000,3/7/2022,4/6/2022,10400,10400,2400,0,0
W2059,4,Waiyaki Way,SUPA FAST,8000,3/23/2022,4/22/2022,10400,10400,2400,0,0
W2059,5,Waiyaki Way,SUPA FAST,10000,4/20/2022,5/20/2022,13000,13000,3000,0,0
W2059,6,Waiyaki Way,SUPA FAST,10000,5/13/2022,6/12/2022,13000,13000,3000,0,0
W2059,7,Waiyaki Way,SUPA FAST,10000,6/9/2022,7/9/2022,13000,13000,3000,0,0
W2059,8,Waiyaki Way,SUPA FAST,10000,7/6/2022,8/5/2022,13000,13000,3000,0,0
W2059,9,Waiyaki Way,SUPA FAST,10000,8/1/2022,8/31/2022,13000,0,3000,0,2800
W2060,1,Waiyaki Way,SUPA FAST,10000,2/2/2022,3/4/2022,13000,13000,3000,500,0
W2060,2,Waiyaki Way,SUPA FAST,10000,3/18/2022,4/17/2022,13000,13000,3000,0,0
W2060,3,Waiyaki Way,SUPA FAST,15000,4/12/2022,5/12/2022,19500,19500,4500,0,0
W2060,4,Waiyaki Way,SUPA FAST,15000,5/9/2022,6/8/2022,19500,19500,4500,0,0
W2060,5,Waiyaki Way,SUPA FAST,15000,5/31/2022,6/30/2022,19500,19500,4500,0,0
W2060,6,Waiyaki Way,SUPA FAST,20000,6/20/2022,7/20/2022,26000,26000,6000,0,0
W2060,7,Waiyaki Way,SUPA FAST,20000,7/14/2022,8/13/2022,26000,26000,6000,0,0
W2060,8,Waiyaki Way,SUPA FAST,20000,8/11/2022,9/10/2022,26000,26000,6000,0,0
W2060,9,Waiyaki Way,SUPA FAST,25000,9/8/2022,10/7/2022,32500,32500,7500,0,0
W2060,10,Waiyaki Way,SUPA FAST,25000,10/4/2022,11/4/2022,32500,32500,7500,0,0
W2060,11,Waiyaki Way,SUPA FAST,25000,10/29/2022,11/28/2022,32500,32500,7500,0,0
W2060,12,Waiyaki Way,SUPA FAST,25000,11/16/2022,12/16/2022,32500,32500,7500,0,0
W2060,13,Waiyaki Way,SUPA FAST,30000,12/14/2022,1/13/2023,39000,39000,9000,0,0
W2060,14,Waiyaki Way,SUPA FAST,30000,1/13/2023,2/2/2023,39000,39000,9000,0,0
W2060,15,Waiyaki Way,SUPA FAST,25000,2/3/2023,3/5/2023,32500,32500,7500,0,0
W2060,16,Waiyaki Way,SUPA FAST,30000,3/4/2023,4/3/2023,39000,39000,9000,0,0
W2060,17,Waiyaki Way,SUPA FAST,30000,3/24/2023,4/23/2023,39000,39000,9000,0,0
W2060,18,Waiyaki Way,SUPA FAST,35000,4/24/2023,5/24/2023,45500,45500,10500,0,0
W2060,19,Waiyaki Way,SUPA FAST,35000,5/18/2023,6/17/2023,45500,45500,10500,0,0
W2060,20,Waiyaki Way,SUPA FAST,35000,6/16/2023,7/16/2023,45500,45500,10500,0,0
W2060,21,Waiyaki Way,SUPA FAST,40000,7/12/2023,8/11/2023,52000,52000,12000,0,0
W2061,1,Waiyaki Way,SUPA FAST,3000,2/3/2022,3/5/2022,3900,3900,900,500,0
W2061,2,Waiyaki Way,SUPA FAST,3000,3/1/2022,3/31/2022,3900,2120,900,0,840
W2062,1,Waiyaki Way,SUPA FAST,10000,2/7/2022,3/9/2022,13000,13000,3000,500,0
W2062,2,Waiyaki Way,SUPA FAST,10000,3/1/2022,3/31/2022,13000,13000,3000,0,0
W2062,3,Waiyaki Way,SUPA FAST,10000,3/28/2022,4/27/2022,13000,13000,3000,0,0
W2062,4,Waiyaki Way,SUPA FAST,10000,4/19/2022,5/19/2022,13000,13000,3000,0,0
W2062,5,Waiyaki Way,SUPA FAST,10000,5/18/2022,6/17/2022,13000,13000,3000,0,0
W2062,6,Waiyaki Way,SUPA FAST,10000,6/14/2022,7/14/2022,13000,13000,3000,0,0
W2062,7,Waiyaki Way,SUPA FAST,10000,7/12/2022,8/11/2022,13000,13000,3000,0,0
W2062,8,Waiyaki Way,SUPA FAST,10000,8/4/2022,9/3/2022,13000,0,3000,0,2800
W2063,1,Waiyaki Way,SUPA FAST,5000,2/9/2022,3/11/2022,6500,6500,1500,500,0
W2063,2,Waiyaki Way,SUPA FAST,5000,3/11/2022,4/10/2022,6500,6500,1500,0,0
W2063,3,Waiyaki Way,SUPA FAST,5000,4/7/2022,5/7/2022,6500,6500,1500,0,0
W2063,4,Waiyaki Way,SUPA FAST,7000,5/6/2022,6/5/2022,9100,9100,2100,0,0
W2063,5,Waiyaki Way,SUPA FAST,7000,6/3/2022,7/3/2022,9100,9100,2100,0,0
W2063,6,Waiyaki Way,SUPA FAST,7000,7/1/2022,7/31/2022,9100,9100,2100,0,0
W2063,7,Waiyaki Way,SUPA FAST,7000,7/29/2022,8/28/2022,9100,9100,2100,0,0
W2063,8,Waiyaki Way,SUPA FAST,5000,8/30/2022,9/29/2022,6500,6500,1500,0,0
W2064,1,Waiyaki Way,SUPA FAST,4000,2/10/2022,3/12/2023,5200,5420,1200,500,1120
W2065,1,Waiyaki Way,SUPA FAST,3000,2/10/2022,3/12/2022,3900,3900,900,500,0
W2065,2,Waiyaki Way,SUPA FAST,3000,3/7/2022,4/6/2022,3900,3900,900,0,0
W2065,3,Waiyaki Way,SUPA FAST,3000,4/4/2022,5/4/2022,3900,3900,900,0,0
W2065,4,Waiyaki Way,SUPA FAST,5000,4/5/2022,5/4/2022,6500,6500,1500,0,0
W2065,5,Waiyaki Way,SUPA FAST,5000,5/31/2022,6/30/2022,6500,6500,1500,0,0
W2065,6,Waiyaki Way,SUPA FAST,5000,6/28/2022,7/28/2022,6500,6500,1500,0,0
W2065,7,Waiyaki Way,SUPA FAST,5000,7/26/2022,8/25/2022,6500,6500,1500,0,0
W2066,1,Waiyaki Way,SUPA FAST,10000,2/10/2022,3/12/2022,13000,13000,3000,500,0
W2066,2,Waiyaki Way,SUPA FAST,10000,3/9/2022,4/8/2022,13000,13000,3000,0,0
W2066,3,Waiyaki Way,SUPA FAST,10000,4/6/2022,4/6/2022,13000,13000,3000,0,0
W2066,4,Waiyaki Way,SUPA FAST,10000,5/5/2022,6/4/2022,13000,13000,3000,0,0
W2066,5,Waiyaki Way,SUPA FAST,10000,5/31/2022,6/30/2022,13000,13000,3000,0,0
W2066,6,Waiyaki Way,SUPA FAST,15000,6/27/2022,7/27/2022,19500,19500,4500,0,0
W2066,7,Waiyaki Way,SUPA FAST,15000,7/22/2022,8/21/2022,19500,12850,4500,0,4200
W2067,1,Waiyaki Way,SUPA FAST,10000,2/11/2022,3/13/2022,13000,13000,3000,500,0
W2067,2,Waiyaki Way,SUPA FAST,10000,2/28/2022,3/30/2022,13000,13000,3000,0,0
W2067,3,Waiyaki Way,SUPA FAST,10000,3/23/2022,4/22/2022,13000,13000,3000,0,0
W2067,4,Waiyaki Way,SUPA FAST,15000,3/31/2022,4/30/2022,19500,19500,4500,0,0
W2067,5,Waiyaki Way,SUPA FAST,15000,4/11/2022,5/11/2022,19500,19500,4500,0,0
W2067,6,Waiyaki Way,SUPA FAST,15000,4/23/2022,5/23/2022,19500,19500,4500,0,0
W2067,7,Waiyaki Way,SUPA FAST,15000,5/9/2022,6/8/2022,19500,19500,4500,0,0
W2067,8,Waiyaki Way,SUPA FAST,20000,5/18/2022,6/17/2022,26000,26000,6000,0,0
W2067,9,Waiyaki Way,SUPA FAST,20000,6/6/2022,7/6/2022,26000,26000,6000,0,0
W2067,10,Waiyaki Way,SUPA FAST,25000,6/28/2022,7/28/2022,32500,32500,7500,0,0
W2067,11,Waiyaki Way,SUPA FAST,25000,7/15/2022,8/14/2022,32500,32500,7500,0,0
W2067,12,Waiyaki Way,SUPA FAST,25000,8/5/2022,9/4/2022,32500,32500,7500,0,0
W2067,13,Waiyaki Way,SUPA FAST,25000,9/6/2022,10/6/2022,32500,32500,7500,0,0
W2067,14,Waiyaki Way,SUPA FAST,25000,10/4/2022,11/3/2022,32500,32500,7500,0,0
W2067,15,Waiyaki Way,SUPA FAST,25000,11/2/2022,12/2/2022,32500,32500,7500,0,0
W2067,16,Waiyaki Way,SUPA FAST,25000,12/6/2022,1/5/2023,32500,32500,7500,0,0
W2068,1,Waiyaki Way,SUPA FAST,5000,2/11/2022,3/13/2022,6500,6500,1500,500,0
W2068,2,Waiyaki Way,SUPA FAST,5000,3/12/2022,4/11/2022,6500,6500,1500,0,0
W2068,3,Waiyaki Way,SUPA FAST,5000,4/8/2022,5/8/2022,6500,6500,1500,0,0
W2068,4,Waiyaki Way,SUPA FAST,5000,5/6/2022,6/5/2022,6500,6500,1500,0,0
W2068,5,Waiyaki Way,SUPA FAST,5000,6/3/2022,7/3/2022,6500,6500,1500,0,0
W2068,6,Waiyaki Way,SUPA FAST,5000,11/12/2022,12/12/2022,6500,6500,1500,0,0
W2068,7,Waiyaki Way,SUPA FAST,5000,12/7/2022,1/6/2023,6500,6500,1500,0,0
W2068,8,Waiyaki Way,SUPA FAST,5000,1/6/2023,2/5/2023,6500,6500,1500,0,0
W2068,9,Waiyaki Way,SUPA FAST,5000,2/6/2023,3/8/2023,6500,600,1500,0,800
W2069,1,Waiyaki Way,SUPA FAST,10000,2/12/2022,3/14/2022,13000,13000,3000,500,0
W2069,2,Waiyaki Way,SUPA FAST,10000,3/14/2022,4/13/2022,13000,13000,3000,0,0
W2069,3,Waiyaki Way,SUPA FAST,10000,4/12/2022,5/12/2022,13000,13000,3000,0,0
W2069,4,Waiyaki Way,SUPA FAST,10000,5/7/2022,6/6/2022,13000,13000,3000,0,0
W2069,5,Waiyaki Way,SUPA FAST,10000,6/6/2022,7/6/2022,13000,13000,3000,0,0
W2069,6,Waiyaki Way,SUPA FAST,10000,7/2/2022,8/1/2022,13000,13000,3000,0,0
W2070,1,Waiyaki Way,SUPA FAST,10000,2/14/2022,3/16/2022,13000,13000,3000,500,0
W2070,2,Waiyaki Way,SUPA FAST,10000,3/10/2022,4/9/2022,13000,13000,3000,0,0
W2070,3,Waiyaki Way,SUPA FAST,10000,3/24/2022,4/23/2022,13000,13000,3000,0,0
W2070,4,Waiyaki Way,SUPA FAST,15000,4/20/2022,5/20/2022,19500,19500,4500,0,0
W2070,5,Waiyaki Way,SUPA FAST,15000,5/16/2022,6/15/2022,19500,19500,4500,0,0
W2070,6,Waiyaki Way,SUPA FAST,15000,6/13/2022,7/13/2022,19500,19500,4500,0,0
W2070,7,Waiyaki Way,SUPA FAST,15000,7/21/2022,8/20/2022,19500,19500,4500,0,0
W2070,8,Waiyaki Way,SUPA FAST,10000,8/17/2022,9/16/2022,13000,13000,3000,0,0
W2070,9,Waiyaki Way,SUPA FAST,15000,9/30/2022,10/30/2022,19500,19500,4500,0,0
W2070,10,Waiyaki Way,SUPA FAST,15000,10/17/2022,11/16/2022,19500,19500,4500,0,0
W2070,11,Waiyaki Way,SUPA FAST,15000,11/10/2022,12/10/2022,19500,19500,4500,0,0
W2070,12,Waiyaki Way,SUPA FAST,15000,12/2/2022,1/1/2023,19500,19500,4500,0,0
W2070,13,Waiyaki Way,SUPA FAST,15000,1/7/2023,2/6/2023,19500,19500,4500,0,0
W2070,14,Waiyaki Way,SUPA FAST,15000,1/30/2023,3/1/2023,19500,19500,4500,0,0
W2070,15,Waiyaki Way,SUPA FAST,15000,2/18/2023,3/20/2023,19500,19500,4500,0,0
W2070,16,Waiyaki Way,SUPA FAST,15000,3/18/2023,4/17/2023,19500,19500,4500,0,0
W2070,17,Waiyaki Way,SUPA FAST,20000,4/17/2023,5/17/2023,26000,26000,6000,0,0
W2070,18,Waiyaki Way,SUPA FAST,20000,5/15/2023,6/14/2023,26000,26000,6000,0,0
W2070,19,Waiyaki Way,SUPA FAST,20000,5/31/2023,6/30/2023,26000,26000,6000,0,0
W2070,20,Waiyaki Way,SUPA FAST,20000,6/20/2023,7/20/2023,26000,26000,6000,0,0
W2070,21,Waiyaki Way,SUPA FAST,20000,7/14/2023,8/13/2023,26000,26000,6000,0,0
W2071,1,Waiyaki Way,SUPA FAST,5000,2/16/2022,3/18/2022,6500,6500,1500,500,0
W2071,2,Waiyaki Way,SUPA FAST,5000,3/18/2022,4/17/2022,6500,6500,1500,0,0
W2071,3,Waiyaki Way,SUPA FAST,5000,4/19/2022,5/19/2022,6500,6500,1500,0,0
W2071,4,Waiyaki Way,SUPA FAST,5000,5/16/2022,6/15/2022,6500,6500,1500,0,0
W2071,5,Waiyaki Way,SUPA FAST,5000,6/7/2022,7/7/2022,6500,6500,1500,0,0
W2071,6,Waiyaki Way,SUPA FAST,5000,7/6/2022,8/5/2022,6500,6500,1500,0,0
W2072,1,Waiyaki Way,SUPA FAST,8000,2/16/2022,3/18/2022,10400,10400,2400,500,0
W2072,2,Waiyaki Way,SUPA FAST,8000,3/10/2022,4/9/2022,10400,4000,2400,0,1280
W2073,1,Waiyaki Way,SUPA FAST,7000,2/19/2022,3/21/2022,9100,9100,2100,500,0
W2073,2,Waiyaki Way,SUPA FAST,7000,3/18/2022,4/17/2022,9100,9100,2100,0,0
W2073,3,Waiyaki Way,SUPA FAST,7000,4/13/2022,5/13/2022,9100,9100,2100,0,0
W2073,4,Waiyaki Way,SUPA FAST,8000,5/10/2022,6/9/2022,10400,10400,2400,0,0
W2073,5,Waiyaki Way,SUPA FAST,8000,6/6/2022,7/6/2022,10400,10400,2400,0,0
W2073,6,Waiyaki Way,SUPA FAST,8000,7/4/2022,8/3/2022,10400,10400,2400,0,0
W2073,7,Waiyaki Way,SUPA FAST,8000,8/1/2022,8/31/2022,10400,10400,2400,0,0
W2074,1,Waiyaki Way,SUPA FAST,5000,2/23/2022,3/22/2022,6500,6500,1500,500,0
W2074,2,Waiyaki Way,SUPA FAST,5000,6/17/2022,7/17/2022,6500,6500,1500,0,0
W2074,3,Waiyaki Way,SUPA FAST,5000,7/14/2022,8/13/2022,6500,6500,1500,0,0
W2074,4,Waiyaki Way,SUPA FAST,5000,8/11/2022,9/10/2022,6500,6500,1500,0,0
W2075,1,Waiyaki Way,SUPA FAST,6500,2/24/2022,3/26/2022,8450,8450,1950,500,0
W2075,2,Waiyaki Way,SUPA FAST,6500,3/25/2022,4/24/2022,8450,1100,1950,0,390
W2076,1,Waiyaki Way,SUPA FAST,5000,3/1/2022,3/31/2022,6500,6500,1500,500,0
W2076,2,Waiyaki Way,SUPA FAST,5000,3/21/2022,4/20/2022,6500,6500,1500,0,0
W2076,3,Waiyaki Way,SUPA FAST,5000,4/7/2022,5/7/2022,6500,6500,1500,0,0
W2076,4,Waiyaki Way,SUPA FAST,5000,4/25/2022,5/25/2022,6500,6500,1500,0,0
W2076,5,Waiyaki Way,SUPA FAST,7000,5/20/2022,6/19/2022,9100,9100,2100,0,0
W2076,6,Waiyaki Way,SUPA FAST,7000,6/14/2022,7/14/2022,9100,9100,2100,0,0
W2076,7,Waiyaki Way,SUPA FAST,7000,7/8/2022,8/7/2022,9100,0,2100,0,1120
W2077,1,Waiyaki Way,SUPA FAST,8000,3/3/2022,4/2/2022,10400,10400,2400,500,0
W2077,2,Waiyaki Way,SUPA FAST,8000,4/1/2022,5/1/2022,10400,5550,2400,0,1280
W2078,1,Waiyaki Way,SUPA FAST,5000,3/4/2022,4/3/2022,6500,6500,1500,500,0
W2078,2,Waiyaki Way,SUPA FAST,5000,3/31/2022,4/30/2022,6500,6500,1500,0,0
W2078,3,Waiyaki Way,SUPA FAST,5000,4/28/2022,5/27/2022,6500,6500,1500,0,0
W2078,4,Waiyaki Way,SUPA FAST,8000,5/23/2022,6/22/2022,10400,10400,2400,0,0
W2078,5,Waiyaki Way,SUPA FAST,8000,6/20/2022,7/20/2022,10400,10400,2400,0,0
W2078,6,Waiyaki Way,SUPA FAST,8000,7/15/2022,8/14/2022,10400,10400,2400,0,0
W2078,7,Waiyaki Way,SUPA FAST,8000,8/4/2022,9/3/2022,10400,500,2400,0,1280
W2079,1,Waiyaki Way,SUPA FAST,5000,3/8/2022,4/7/2022,6500,6500,1500,500,0
W2079,2,Waiyaki Way,SUPA FAST,5000,4/1/2022,5/1/2022,6500,6500,1500,0,0
W2079,3,Waiyaki Way,SUPA FAST,5000,4/28/2022,5/28/2022,6500,6500,1500,0,0
W2079,4,Waiyaki Way,SUPA FAST,5000,5/26/2022,6/25/2022,6500,6500,1500,0,0
W2079,5,Waiyaki Way,SUPA FAST,8000,6/22/2022,7/22/2022,10400,10400,2400,0,0
W2079,6,Waiyaki Way,SUPA FAST,8000,7/21/2022,8/20/2022,10400,3230,2400,0,1280
W2080,1,Waiyaki Way,SUPA FAST,8000,3/21/2022,4/20/2022,10400,10400,2400,500,0
W2081,1,Waiyaki Way,SUPA FAST,8000,3/21/2022,4/20/2022,10400,0,2400,500,2240
W2082,1,Waiyaki Way,SUPA FAST,4000,3/25/2022,4/24/2022,5200,5200,1200,500,0
W2082,2,Waiyaki Way,SUPA FAST,4000,4/7/2022,5/7/2022,5200,5200,1200,0,0
W2082,3,Waiyaki Way,SUPA FAST,4000,4/30/2022,5/30/2022,5200,895,1200,0,640
W2083,1,Waiyaki Way,SUPA FAST,10000,3/29/2022,4/28/2022,13000,13000,3000,500,0
W2083,2,Waiyaki Way,SUPA FAST,10000,4/20/2022,5/20/2022,13000,13000,3000,0,0
W2083,3,Waiyaki Way,SUPA FAST,10000,5/17/2022,6/16/2022,13000,13000,3000,0,0
W2083,4,Waiyaki Way,SUPA FAST,10000,6/14/2022,7/14/2022,13000,13000,3000,0,0
W2083,5,Waiyaki Way,SUPA FAST,10000,7/9/2022,8/8/2022,13000,13000,3000,0,0
W2083,6,Waiyaki Way,SUPA FAST,10000,8/3/2022,9/2/2022,13000,13000,3000,0,0
W2083,7,Waiyaki Way,SUPA FAST,10000,9/7/2022,10/7/2022,13000,13000,3000,0,0
W2084,1,Waiyaki Way,SUPA FAST,5000,3/29/2022,4/28/2022,6500,6500,1500,500,0
W2084,2,Waiyaki Way,SUPA FAST,5000,4/20/2022,5/20/2022,6500,6500,1500,0,0
W2084,3,Waiyaki Way,SUPA FAST,5000,5/10/2022,6/9/2022,6500,6500,1500,0,0
W2084,4,Waiyaki Way,SUPA FAST,10000,5/23/2022,6/22/2022,13000,13000,3000,0,0
W2084,5,Waiyaki Way,SUPA FAST,10000,6/16/2022,7/16/2022,13000,13000,3000,0,0
W2084,6,Waiyaki Way,SUPA FAST,10000,7/9/2022,8/8/2022,13000,13000,3000,0,0
W2084,7,Waiyaki Way,SUPA FAST,10000,7/29/2022,8/28/2022,13000,13000,3000,0,0
W2084,8,Waiyaki Way,SUPA FAST,10000,8/22/2022,9/21/2022,13000,13000,3000,0,0
W2085,1,Waiyaki Way,SUPA FAST,5000,3/30/2022,4/29/2022,6500,6500,1500,500,0
W2085,2,Waiyaki Way,SUPA FAST,5000,4/19/2022,5/19/2022,6500,6500,1500,0,800
W2086,1,Waiyaki Way,SUPA FAST,7000,4/4/2022,5/4/2022,9100,965,2100,500,1120
W2087,1,Waiyaki Way,SUPA FAST,10000,4/4/2022,5/4/2022,13000,13000,3000,500,0
W2087,2,Waiyaki Way,SUPA FAST,10000,6/7/2022,7/7/2022,13000,13000,3000,0,0
W2087,3,Waiyaki Way,SUPA FAST,10000,7/4/2022,8/3/2022,13000,13000,3000,0,0
W2088,1,Waiyaki Way,SUPA FAST,10000,4/5/2022,5/5/2022,13000,13000,3000,500,0
W2088,2,Waiyaki Way,SUPA FAST,10000,5/5/2022,6/4/2022,13000,13000,3000,0,0
W2088,3,Waiyaki Way,SUPA FAST,10000,6/3/2022,7/3/2023,13000,13000,3000,0,0
W2088,4,Waiyaki Way,SUPA FAST,10000,7/2/2022,8/1/2022,13000,13000,3000,0,0
W2088,5,Waiyaki Way,SUPA FAST,10000,7/27/2022,8/26/2022,13000,3000,3000,0,2800
W2089,1,Waiyaki Way,SUPA FAST,6000,4/6/2022,5/6/2022,7800,2690,1800,500,960
W2090,1,Waiyaki Way,SUPA FAST,7000,4/6/2022,5/6/2022,9100,9100,2100,500,0
W2090,2,Waiyaki Way,SUPA FAST,7000,4/30/2022,5/30/2022,9100,9100,2100,0,0
W2090,3,Waiyaki Way,SUPA FAST,7000,5/20/2022,6/19/2022,9100,9100,2100,0,0
W2090,4,Waiyaki Way,SUPA FAST,12000,6/4/2022,7/4/2022,15600,15600,3600,0,0
W2090,5,Waiyaki Way,SUPA FAST,12000,7/2/2022,8/1/2022,15600,15600,3600,0,0
W2090,6,Waiyaki Way,SUPA FAST,12000,7/28/2022,8/27/2022,15600,6502,3600,0,720
W2091,1,Waiyaki Way,SUPA FAST,5000,4/6/2022,5/6/2022,6500,6500,1500,500,0
W2091,2,Waiyaki Way,SUPA FAST,5000,5/4/2022,6/3/2022,6500,6500,1500,0,0
W2091,3,Waiyaki Way,SUPA FAST,5000,6/2/2022,7/2/2022,6500,6500,1500,0,0
W2091,4,Waiyaki Way,SUPA FAST,8000,6/30/2022,7/30/2022,10400,10400,2400,0,0
W2092,1,Waiyaki Way,SUPA FAST,5000,4/8/2022,5/8/2022,6500,6500,1500,500,0
W2092,2,Waiyaki Way,SUPA FAST,5000,4/30/2022,5/30/2022,6500,6500,1500,0,0
W2092,3,Waiyaki Way,SUPA FAST,5000,5/24/2022,6/23/2022,6500,6500,1500,0,0
W2092,4,Waiyaki Way,SUPA FAST,10000,6/4/2022,7/4/2022,13000,13000,3000,0,0
W2092,5,Waiyaki Way,SUPA FAST,10000,6/11/2022,7/11/2022,13000,13000,3000,0,0
W2092,6,Waiyaki Way,SUPA FAST,10000,6/15/2022,7/15/2022,13000,13000,3000,0,0
W2092,7,Waiyaki Way,SUPA FAST,15000,6/27/2022,7/27/2022,19500,0,4500,0,2400
W2093,1,Waiyaki Way,SUPA FAST,10000,4/9/2022,5/9/2022,13000,13000,3000,500,0
W2093,2,Waiyaki Way,SUPA FAST,10000,5/5/2022,6/4/2022,13000,13000,3000,0,0
W2093,3,Waiyaki Way,SUPA FAST,10000,5/31/2022,6/30/2022,13000,13000,3000,0,0
W2093,4,Waiyaki Way,SUPA FAST,10000,6/25/2022,7/25/2022,13000,13000,3000,0,0
W2093,5,Waiyaki Way,SUPA FAST,10000,7/22/2022,8/21/2022,13000,13000,3000,0,0
W2094,1,Waiyaki Way,SUPA FAST,10000,4/11/2022,5/11/2022,13000,13000,3000,500,0
W2094,2,Waiyaki Way,SUPA FAST,10000,5/9/2022,6/8/2022,13000,13000,3000,0,0
W2094,3,Waiyaki Way,SUPA FAST,10000,5/27/2022,6/26/2022,13000,13000,3000,0,0
W2094,4,Waiyaki Way,SUPA FAST,15000,6/17/2022,7/17/2022,19500,19500,4500,0,0
W2094,5,Waiyaki Way,SUPA FAST,15000,7/14/2022,8/13/2022,19500,19500,4500,0,0
W2094,6,Waiyaki Way,SUPA FAST,15000,8/4/2022,9/3/2022,19500,15180,4500,0,4200
W2095,1,Waiyaki Way,SUPA FAST,1000,4/11/2022,5/11/2022,13000,13000,3000,500,0
W2095,2,Waiyaki Way,SUPA FAST,1000,5/6/2022,6/5/2022,13000,13000,3000,0,0
W2095,3,Waiyaki Way,SUPA FAST,1000,6/2/2022,7/2/2022,13000,13000,3000,0,0
W2095,4,Waiyaki Way,SUPA FAST,15000,6/23/2022,7/23/2022,19500,19500,4500,0,0
W2095,5,Waiyaki Way,SUPA FAST,15000,7/20/2022,8/19/2022,19500,19500,4500,0,0
W2095,6,Waiyaki Way,SUPA FAST,15000,8/16/2022,9/15/2022,19500,19500,4500,0,0
W2095,7,Waiyaki Way,SUPA FAST,15000,9/14/2022,10/14/2022,19500,19500,4500,0,0
W2095,8,Waiyaki Way,SUPA FAST,15000,10/12/2022,11/11/2022,19500,19500,4500,0,0
W2095,9,Waiyaki Way,SUPA FAST,15000,11/9/2022,12/9/2022,19500,19500,4500,0,0
W2095,10,Waiyaki Way,SUPA FAST,15000,12/13/2022,1/12/2023,19500,19500,4500,0,0
W2095,11,Waiyaki Way,SUPA FAST,15000,1/19/2022,2/18/2023,19500,19500,4500,0,0
W2096,1,Waiyaki Way,SUPA FAST,5000,4/12/2022,5/12/2022,6500,6500,1500,500,0
W2096,4,Waiyaki Way,SUPA FAST,5000,5/7/2022,6/6/2022,6500,6500,1500,0,0
W2096,3,Waiyaki Way,SUPA FAST,5000,6/6/2022,7/6/2022,6500,6500,1500,0,0
W2096,4,Waiyaki Way,SUPA FAST,5000,6/14/2022,7/14/2022,6500,6500,1500,0,0
W2096,5,Waiyaki Way,SUPA FAST,8000,6/20/2022,7/20/2022,10400,10400,2400,0,0
W2097,1,Waiyaki Way,SUPA FAST,10000,4/13/2022,5/13/2022,13000,13000,3000,500,0
W2097,2,Waiyaki Way,SUPA FAST,10000,5/5/2022,6/4/2022,13000,13000,3000,0,0
W2097,3,Waiyaki Way,SUPA FAST,10000,5/27/2022,6/26/2022,13000,13000,3000,0,0
W2097,4,Waiyaki Way,SUPA FAST,15000,6/10/2022,7/10/2022,19500,19500,4500,0,0
W2097,5,Waiyaki Way,SUPA FAST,15000,7/6/2022,8/5/2022,19500,19500,4500,0,0
W2097,6,Waiyaki Way,SUPA FAST,15000,7/21/2022,8/20/2022,19500,19500,4500,0,0
W2097,7,Waiyaki Way,SUPA FAST,15000,8/10/2022,9/9/2022,19500,16000,4500,0,2400
W2098,1,Waiyaki Way,SUPA FAST,10000,4/16/2022,5/16/2022,13000,13000,3000,500,0
W2098,2,Waiyaki Way,SUPA FAST,10000,5/14/2022,6/13/2022,13000,13000,3000,0,0
W2098,3,Waiyaki Way,SUPA FAST,10000,6/11/2022,7/11/2022,13000,13000,3000,0,0
W2098,4,Waiyaki Way,SUPA FAST,15000,6/27/2022,7/27/2022,19500,19500,4500,0,0
W2098,5,Waiyaki Way,SUPA FAST,15000,7/22/2022,8/21/2022,19500,19500,4500,0,0
W2099,1,Waiyaki Way,SUPA FAST,5000,4/16/2022,5/16/2022,6500,6500,1500,500,0
W2099,2,Waiyaki Way,SUPA FAST,5000,5/10/2022,6/9/2022,6500,6500,1500,0,0
W20100,1,Waiyaki Way,SUPA FAST,10000,4/19/2022,5/19/2022,13000,13000,3000,500,0
W20100,2,Waiyaki Way,SUPA FAST,10000,5/16/2022,6/15/2022,13000,13000,3000,0,0
W20100,3,Waiyaki Way,SUPA FAST,10000,6/13/2022,7/13/2022,13000,13000,3000,0,0
W20100,4,Waiyaki Way,SUPA FAST,10000,7/5/2022,8/4/2022,13000,13000,3000,0,0
W20100,5,Waiyaki Way,SUPA FAST,10000,7/29/2022,8/28/2022,13000,13000,3000,0,0
W200101,1,Waiyaki Way,SUPA FAST,5000,4/20/2022,5/20/2022,6500,6500,1500,500,0
W200101,2,Waiyaki Way,SUPA FAST,5000,5/16/2022,7/15/2022,6500,6500,1500,0,0
W200101,3,Waiyaki Way,SUPA FAST,5000,6/6/2022,7/6/2022,6500,6500,1500,0,0
W200101,4,Waiyaki Way,SUPA FAST,5000,6/28/2022,7/28/2022,6500,6500,1500,0,0
W200101,5,Waiyaki Way,SUPA FAST,5000,7/16/2022,8/15/2022,6500,6500,1500,0,0
W200102,1,Waiyaki Way,SUPA FAST,6000,4/22/2022,5/22/2022,7800,7800,1800,500,0
W200102,2,Waiyaki Way,SUPA FAST,6000,5/18/2022,6/17/2022,7800,7800,1800,0,0
W200102,3,Waiyaki Way,SUPA FAST,6000,6/13/2022,7/13/2022,7800,7800,1800,0,0
W200102,4,Waiyaki Way,SUPA FAST,6000,7/1/2022,7/31/2022,7800,7800,1800,0,0
W200102,5,Waiyaki Way,SUPA FAST,6000,7/26/2022,8/25/2022,7800,7800,1800,0,0
W200102,6,Waiyaki Way,SUPA FAST,6000,8/13/2022,9/12/2022,7800,7800,1800,0,0
W200102,7,Waiyaki Way,SUPA FAST,6000,9/8/2022,10/8/2022,7800,5800,1800,0,1680
W200103,1,Waiyaki Way,SUPA FAST,5000,4/22/2022,5/22/2022,6500,6500,1500,500,0
W200103,2,Waiyaki Way,SUPA FAST,5000,5/11/2022,6/10/2022,6500,6500,1500,0,0
W200103,3,Waiyaki Way,SUPA FAST,5000,5/23/2022,6/22/2022,6500,6500,1500,0,0
W200103,4,Waiyaki Way,SUPA FAST,5000,6/2/2022,7/2/2022,6500,6500,1500,0,0
W200103,5,Waiyaki Way,SUPA FAST,8000,6/10/2022,7/10/2022,10400,10400,2400,0,0
W200103,6,Waiyaki Way,SUPA FAST,8000,7/7/2022,8/6/2022,10400,10400,2400,0,0
W200103,7,Waiyaki Way,SUPA FAST,8000,8/4/2022,9/3/2022,10400,10400,2400,0,0
W200103,8,Waiyaki Way,SUPA FAST,8000,8/31/2022,9/30/2022,10400,10400,2400,0,0
W200103,9,Waiyaki Way,SUPA FAST,8000,9/29/2022,10/29/2022,10400,10400,2400,0,0
W200103,10,Waiyaki Way,SUPA FAST,8000,10/28/2022,11/27/2022,10400,10400,2400,0,0
W200103,11,Waiyaki Way,SUPA FAST,10000,11/26/2022,12/26/2022,13000,13000,3000,0,0
W200103,12,Waiyaki Way,SUPA FAST,10000,12/20/2022,1/19/2023,13000,13000,3000,0,0
W200103,13,Waiyaki Way,SUPA FAST,10000,1/17/2022,2/16/2023,13000,0,3000,0,2800
W200104,1,Waiyaki Way,SUPA FAST,10000,4/27/2022,5/27/2022,13000,6050,3000,500,2800
W200105,1,Waiyaki Way,SUPA FAST,6000,4/27/2022,5/27/2022,7800,7800,1800,500,0
W200105,2,Waiyaki Way,SUPA FAST,6000,5/16/2022,6/15/2022,7800,500,1800,0,1680
W200106,1,Waiyaki Way,SUPA FAST,5000,4/28/2022,5/28/2022,6500,6500,1500,500,0
W200106,2,Waiyaki Way,SUPA FAST,5000,5/23/2022,6/22/2022,6500,3925,1500,0,1400
W200107,1,Waiyaki Way,SUPA FAST,6000,5/4/2022,6/3/2022,7800,3800,1800,500,1680
W200108,1,Waiyaki Way,SUPA FAST,8000,5/4/2022,6/3/2022,10400,10400,2400,500,0
W200108,2,Waiyaki Way,SUPA FAST,8000,6/1/2022,7/1/2022,10400,10400,2400,0,0
W200108,3,Waiyaki Way,SUPA FAST,8000,6/25/2022,7/25/2022,10400,10400,2400,0,0
W200108,4,Waiyaki Way,SUPA FAST,8000,7/19/2022,8/18/2022,10400,10400,2400,0,0
W200108,5,Waiyaki Way,SUPA FAST,8000,8/16/2022,9/15/2022,10400,10400,2400,0,0
W200108,6,Waiyaki Way,SUPA FAST,8000,9/13/2022,10/13/2022,10400,10400,2400,0,0
W200108,7,Waiyaki Way,SUPA FAST,8000,10/11/2022,11/10/2022,10400,10400,2400,0,0
W200108,8,Waiyaki Way,SUPA FAST,8000,11/8/2022,12/8/2022,10400,10400,2400,0,0
W200108,9,Waiyaki Way,SUPA FAST,8000,12/5/2022,1/4/2023,10400,10400,2400,0,0
W200108,10,Waiyaki Way,SUPA FAST,8000,1/3/2023,2/2/2023,10400,10400,2400,0,0
W200108,11,Waiyaki Way,SUPA FAST,8000,2/1/2023,3/3/2023,10400,10400,2400,0,0
W200108,12,Waiyaki Way,SUPA FAST,8000,3/2/2023,4/1/2023,10400,10400,2400,0,0
W200108,13,Waiyaki Way,SUPA FAST,8000,3/29/2023,4/28/2023,10400,10400,2400,0,0
W200108,14,Waiyaki Way,SUPA FAST,8000,4/27/2023,5/27/2023,10400,1950,2400,0,1280
W200109,1,Waiyaki Way,SUPA FAST,10000,5/7/2022,6/6/2022,13000,13000,3000,500,0
W200109,2,Waiyaki Way,SUPA FAST,8000,6/18/2022,7/18/2022,10400,10400,2400,0,0
W200109,3,Waiyaki Way,SUPA FAST,10000,7/25/2022,8/24/2022,13000,13000,3000,0,0
W200109,4,Waiyaki Way,SUPA FAST,10000,8/22/2022,9/21/2022,13000,4400,3000,0,2800
W200110,1,Waiyaki Way,SUPA FAST,10000,5/9/2022,6/8/2022,13000,13000,3000,500,0
W200110,2,Waiyaki Way,SUPA FAST,10000,6/3/2022,7/3/2022,13000,13000,3000,0,0
W200110,3,Waiyaki Way,SUPA FAST,10000,6/30/2022,7/30/2022,13000,0,3000,0,2800
W200111,1,Waiyaki Way,SUPA FAST,6000,5/10/2022,6/9/2022,7800,7800,1800,500,0
W200111,2,Waiyaki Way,SUPA FAST,4000,6/24/2022,7/24/2022,5200,5200,1200,0,0
W200111,3,Waiyaki Way,SUPA FAST,6000,7/19/2022,8/18/2022,7800,7800,1800,0,0
W200112,1,Waiyaki Way,SUPA FAST,6000,5/10/2022,6/9/2022,7800,7800,1800,500,0
W200112,2,Waiyaki Way,SUPA FAST,6000,6/8/2022,7/8/2022,7800,7800,1800,0,0
W200112,3,Waiyaki Way,SUPA FAST,9000,6/28/2022,7/28/2022,11700,11700,2700,0,0
W200112,4,Waiyaki Way,SUPA FAST,9000,7/20/2022,8/19/2022,11700,2360,2700,0,2520
W200113,1,Waiyaki Way,SUPA FAST,5000,5/11/2022,6/10/2022,6500,6500,1500,500,0
W200113,2,Waiyaki Way,SUPA FAST,5000,6/8/2022,7/8/2022,6500,6500,1500,0,0
W200113,3,Waiyaki Way,SUPA FAST,8000,6/28/2022,7/28/2022,10400,500,2400,0,2240
W200114,1,Waiyaki Way,SUPA FAST,4000,5/12/2022,6/11/2022,5200,5200,1200,500,0
W200114,2,Waiyaki Way,SUPA FAST,2000,6/21/2022,7/21/2022,2600,2600,600,0,0
W200114,3,Waiyaki Way,SUPA FAST,4000,7/9/2022,8/8/2022,5200,0,1200,0,640
W200115,1,Waiyaki Way,SUPA FAST,3000,5/12/2022,6/11/2022,3900,3900,900,500,0
W200115,2,Waiyaki Way,SUPA FAST,3000,6/7/2022,7/7/2022,3900,3900,900,0,0
W200115,3,Waiyaki Way,SUPA FAST,5000,6/22/2022,7/22/2022,6500,6500,1500,0,0
W200115,4,Waiyaki Way,SUPA FAST,5000,7/20/2022,8/19/2022,6500,6500,1500,0,0
W200115,5,Waiyaki Way,SUPA FAST,5000,8/19/2022,9/18/2022,6500,6500,1500,0,0
W200116,1,Waiyaki Way,SUPA FAST,10000,5/13/2022,6/12/2022,13000,13000,3000,500,0
W200116,2,Waiyaki Way,SUPA FAST,10000,6/6/2022,7/6/2022,13000,13000,3000,0,0
W200117,1,Waiyaki Way,SUPA FAST,10000,5/14/2022,6/13/2022,13000,13000,3000,500,0
W200117,2,Waiyaki Way,SUPA FAST,10000,6/11/2022,7/11/2022,13000,13000,3000,0,0
W200118,1,Waiyaki Way,SUPA FAST,6000,5/20/2022,6/19/2022,7800,7800,1800,500,0
W200118,2,Waiyaki Way,SUPA FAST,6000,7/27/2022,8/26/2022,7800,7800,1800,0,0
W200118,3,Waiyaki Way,SUPA FAST,6000,8/22/2022,9/21/2022,7800,7800,1800,0,0
W200118,4,Waiyaki Way,SUPA FAST,6000,9/20/2022,10/20/2022,7800,7800,1800,0,0
W200118,5,Waiyaki Way,SUPA FAST,6000,10/17/2022,11/16/2022,7800,7800,1800,0,0
W200118,6,Waiyaki Way,SUPA FAST,7000,10/27/2022,11/26/2022,9100,9100,2100,0,0
W200118,7,Waiyaki Way,SUPA FAST,7000,12/7/2022,1/6/2023,9100,9100,2100,0,0
W200119,1,Waiyaki Way,SUPA FAST,5000,6/6/2022,7/6/2022,6500,6500,1500,500,0
W200119,2,Waiyaki Way,SUPA FAST,5000,6/28/2022,7/28/2022,6500,6500,1500,0,0
W200119,3,Waiyaki Way,SUPA FAST,5000,7/16/2022,8/15/2022,6500,6500,1500,0,0
W200120,1,Waiyaki Way,SUPA FAST,4000,6/7/2022,7/7/2022,5200,5200,1200,500,0
W200120,2,Waiyaki Way,SUPA FAST,4000,6/28/2022,7/28/2022,5200,5200,1200,0,0
W200120,3,Waiyaki Way,SUPA FAST,4000,7/27/2022,8/26/2022,5200,5200,1200,0,0
W200120,4,Waiyaki Way,SUPA FAST,4000,8/16/2022,9/15/2022,5200,2720,1200,0,1120
W200121,1,Waiyaki Way,SUPA FAST,10000,6/7/2022,7/7/2022,13000,13000,3000,500,0
W200121,2,Waiyaki Way,SUPA FAST,10000,6/28/2022,7/28/2022,13000,13000,3000,0,0
W200121,3,Waiyaki Way,SUPA FAST,10000,7/26/2022,8/25/2022,13000,13000,3000,0,0
W200122,1,Waiyaki Way,SUPA FAST,5000,6/7/2022,7/7/2022,6500,6500,1500,500,0
W200122,2,Waiyaki Way,SUPA FAST,5000,1/17/2023,2/16/2023,6500,3220,1500,0,800
W200123,1,Waiyaki Way,SUPA FAST,6000,6/8/2022,7/8/2022,7800,7800,1800,500,0
W200124,1,Waiyaki Way,SUPA FAST,10000,6/8/2022,7/8/2022,13000,13000,3000,0,0
W200124,2,Waiyaki Way,SUPA FAST,10000,7/4/2022,8/3/2022,13000,13000,3000,0,0
W200124,3,Waiyaki Way,SUPA FAST,10000,7/26/2022,8/25/2022,13000,13000,3000,0,0
W200124,4,Waiyaki Way,SUPA FAST,10000,8/22/2022,9/21/2022,13000,13000,3000,0,0
W200124,5,Waiyaki Way,SUPA FAST,10000,9/20/2022,10/20/2022,13000,13000,3000,0,0
W200124,6,Waiyaki Way,SUPA FAST,10000,10/18/2022,11/17/2022,13000,13000,3000,0,0
W200124,7,Waiyaki Way,SUPA FAST,10000,11/15/2022,12/15/2022,13000,13000,3000,0,0
W200124,8,Waiyaki Way,SUPA FAST,10000,12/13/2022,1/12/2023,13000,13000,3000,0,0
W200124,9,Waiyaki Way,SUPA FAST,10000,1/10/2023,2/9/2023,13000,13000,3000,0,0
W200124,10,Waiyaki Way,SUPA FAST,10000,2/7/2023,3/9/2023,13000,13000,3000,0,0
W200124,11,Waiyaki Way,SUPA FAST,10000,3/7/2023,4/6/2023,13000,13000,3000,0,0
W200124,12,Waiyaki Way,SUPA FAST,10000,4/5/2023,5/5/2023,13000,13000,3000,0,0
W200124,13,Waiyaki Way,SUPA FAST,10000,5/5/2023,6/4/2023,13000,2400,3000,0,2800
W200125,1,Waiyaki Way,SUPA FAST,8000,6/9/2022,7/9/2022,10400,0,2400,500,880
W200126,1,Waiyaki Way,SUPA FAST,5000,6/9/2022,7/9/2022,6500,6500,1500,500,0
W200126,2,Waiyaki Way,SUPA FAST,5000,7/12/2022,8/11/2022,6500,6500,1500,0,0
W200127,1,Waiyaki Way,SUPA FAST,5000,6/10/2022,7/10/2022,6500,6500,1500,500,0
W200127,2,Waiyaki Way,SUPA FAST,5000,7/7/2022,8/6/2022,6500,6500,1500,0,0
W200127,3,Waiyaki Way,SUPA FAST,5000,8/4/2022,9/3/2022,6500,6500,1500,0,0
W200128,1,Waiyaki Way,SUPA FAST,10000,6/10/2022,7/10/2022,13000,13000,3000,500,0
W200128,2,Waiyaki Way,SUPA FAST,10000,7/7/2022,8/6/2022,13000,13000,3000,0,0
W200128,3,Waiyaki Way,SUPA FAST,10000,8/1/2022,8/31/2022,13000,13000,3000,0,0
W200129,1,Waiyaki Way,SUPA FAST,10000,6/10/2022,7/10/2022,13000,13000,3000,500,0
W200129,2,Waiyaki Way,SUPA FAST,10000,7/6/2022,8/5/2022,13000,13000,3000,0,0
W200129,3,Waiyaki Way,SUPA FAST,10000,8/1/2022,8/31/2022,13000,0,3000,0,2800
W200130,1,Waiyaki Way,SUPA FAST,10000,6/10/2022,7/10/2022,13000,13000,3000,500,0
W200130,2,Waiyaki Way,SUPA FAST,10000,7/12/2022,8/11/2022,13000,12300,3000,0,2800
W200131,1,Waiyaki Way,SUPA FAST,5000,6/10/2022,7/10/2022,6500,6500,1500,500,0
W200131,2,Waiyaki Way,SUPA FAST,5000,7/6/2022,8/5/2022,6500,6500,1500,0,0
W200131,3,Waiyaki Way,SUPA FAST,5000,8/1/2022,8/31/2022,6500,6500,1500,0,0
W200131,4,Waiyaki Way,SUPA FAST,5000,8/20/2022,9/19/2022,6500,6500,1500,0,0
W200131,5,Waiyaki Way,SUPA FAST,5000,9/16/2022,10/16/2022,6500,6500,1500,0,0
W200131,6,Waiyaki Way,SUPA FAST,6000,10/14/2022,11/13/2022,7800,7800,1800,0,0
W200131,7,Waiyaki Way,SUPA FAST,6000,11/11/2022,12/11/2022,7800,7800,1800,0,0
W200131,8,Waiyaki Way,SUPA FAST,6000,12/9/2022,1/8/2023,7800,7800,1800,0,0
W200131,9,Waiyaki Way,SUPA FAST,6000,1/1/2023,1/31/2023,7800,7800,1800,0,0
W200131,10,Waiyaki Way,SUPA FAST,6000,2/1/2023,3/3/2023,7800,7800,1800,0,0
W200131,11,Waiyaki Way,SUPA FAST,6000,2/25/2023,3/27/2023,7800,7800,1800,0,0
W200131,12,Waiyaki Way,SUPA FAST,6000,3/22/2023,4/21/2023,7800,7800,1800,0,0
W200131,13,Waiyaki Way,SUPA FAST,6000,4/22/2023,5/22/2023,7800,7800,1800,0,0
W200131,14,Waiyaki Way,SUPA FAST,6000,5/23/2023,6/22/2023,7800,7800,1800,0,0
W200131,15,Waiyaki Way,SUPA FAST,6000,6/17/2023,7/17/2023,7800,1050,1800,0,360
W200132,1,Waiyaki Way,SUPA FAST,8000,6/10/2022,7/10/2022,10400,10400,2400,500,0
W200132,2,Waiyaki Way,SUPA FAST,8000,7/7/2022,8/6/2022,10400,10400,2400,0,0
W200132,3,Waiyaki Way,SUPA FAST,8000,8/4/2022,9/3/2022,10400,0,2400,0,880
W200133,1,Waiyaki Way,SUPA FAST,5000,6/11/2022,7/11/2022,6500,6500,1500,500,0
W200133,2,Waiyaki Way,SUPA FAST,5000,7/1/2022,7/31/2022,6500,6500,1500,0,0
W200133,3,Waiyaki Way,SUPA FAST,5000,7/26/2022,8/25/2022,6500,6500,1500,0,0
W200133,4,Waiyaki Way,SUPA FAST,5000,8/22/2022,9/21/2022,6500,6500,1500,0,0
W200133,5,Waiyaki Way,SUPA FAST,5000,9/21/2022,10/21/2022,6500,6500,1500,0,0
W200133,6,Waiyaki Way,SUPA FAST,5000,10/18/2022,11/17/2022,6500,6500,1500,0,0
W200133,7,Waiyaki Way,SUPA FAST,6000,11/16/2022,12/16/2022,7800,7800,1800,0,0
W200133,8,Waiyaki Way,SUPA FAST,6000,12/14/2022,1/13/2023,7800,7800,1800,0,0
W200133,9,Waiyaki Way,SUPA FAST,6000,1/10/2023,2/9/2023,7800,7800,1800,0,0
W200133,10,Waiyaki Way,SUPA FAST,6000,2/3/2023,3/5/2023,7800,200,1800,0,360
W200134,1,Waiyaki Way,SUPA FAST,10000,6/13/2022,7/12/2022,13000,4050,3000,500,2800
W200135,1,Waiyaki Way,SUPA FAST,5000,6/14/2022,7/13/2022,6500,6500,1500,500,0
W200135,2,Waiyaki Way,SUPA FAST,5000,7/8/2022,8/7/2022,6500,1400,1500,0,800
W20136,1,Waiyaki Way,SUPA FAST,5000,6/15/2022,7/15/2022,6500,6500,1500,500,0
W20136,2,Waiyaki Way,SUPA FAST,5000,6/20/2022,7/20/2022,6500,6500,1500,0,0
W20136,3,Waiyaki Way,SUPA FAST,5000,7/12/2022,8/11/2022,6500,2800,1500,0,800
W20137,1,Waiyaki Way,SUPA FAST,10000,6/15/2022,7/15/2022,13000,4000,3000,500,2800
W20138,1,Waiyaki Way,SUPA FAST,5000,6/15/2022,7/15/2022,6500,1300,1500,500,800
W20139,1,Waiyaki Way,SUPA FAST,6000,6/15/2022,7/15/2022,7800,7800,1800,500,0
W20139,2,Waiyaki Way,SUPA FAST,6000,7/9/2022,8/8/2022,7800,7800,1800,0,0
W20139,3,Waiyaki Way,SUPA FAST,6000,8/6/2022,9/5/2022,7800,1400,1800,0,1680
W20140,1,Waiyaki Way,SUPA FAST,5000,6/16/2022,7/16/2022,6500,6500,1500,500,0
W20140,2,Waiyaki Way,SUPA FAST,5000,7/13/2022,8/12/2022,6500,6500,1500,0,0
W20140,3,Waiyaki Way,SUPA FAST,5000,8/16/2022,9/15/2022,6500,6500,1500,0,0
W20140,4,Waiyaki Way,SUPA FAST,5000,9/23/2022,10/23/2022,6500,6500,1500,0,0
W20140,5,Waiyaki Way,SUPA FAST,5000,10/24/2022,11/23/2022,6500,6500,1500,0,0
W20141,1,Waiyaki Way,SUPA FAST,8000,6/16/2022,7/16/2022,10400,10400,2400,500,0
W20142,1,Waiyaki Way,SUPA FAST,10000,6/17/2022,7/17/2022,13000,13000,3000,500,0
W20142,2,Waiyaki Way,SUPA FAST,10000,7/13/2022,8/12/2022,13000,13000,3000,0,0
W20142,3,Waiyaki Way,SUPA FAST,10000,8/6/2022,9/5/2022,13000,13000,3000,0,0
W20142,4,Waiyaki Way,SUPA FAST,10000,9/5/2022,10/5/2022,13000,13000,3000,0,0
W20142,5,Waiyaki Way,SUPA FAST,10000,10/5/2022,11/4/2022,13000,13000,3000,0,0
W20142,6,Waiyaki Way,SUPA FAST,10000,11/7/2022,12/7/2022,13000,13000,3000,0,0
W20142,7,Waiyaki Way,SUPA FAST,10000,12/6/2022,1/5/2023,13000,13000,3000,0,0
W20142,8,Waiyaki Way,SUPA FAST,10000,1/6/2023,2/5/2023,13000,0,3000,0,2800
W20143,1,Waiyaki Way,SUPA FAST,10000,6/17/2022,7/17/2022,13000,13000,3000,500,0
W20143,2,Waiyaki Way,SUPA FAST,10000,7/9/2022,8/8/2022,13000,13000,3000,0,0
W20143,3,Waiyaki Way,SUPA FAST,10000,8/1/2022,8/31/2022,13000,13000,3000,0,0
W20143,4,Waiyaki Way,SUPA FAST,10000,8/23/2022,9/22/2022,13000,0,3000,0,2800
W20144,1,Waiyaki Way,SUPA FAST,10000,6/18/2022,7/18/2022,13000,13000,3000,500,0
W20144,2,Waiyaki Way,SUPA FAST,10000,7/12/2022,8/11/2022,13000,13000,3000,0,0
W20145,1,Waiyaki Way,SUPA FAST,8000,6/20/2022,7/20/2022,10400,1880,2400,500,1680
W20146,1,Waiyaki Way,SUPA FAST,10000,6/20/2022,7/20/2022,13000,13000,3000,500,0
W20146,2,Waiyaki Way,SUPA FAST,10000,7/22/2022,8/21/2022,13000,13000,3000,0,0
W20146,3,Waiyaki Way,SUPA FAST,10000,8/8/2022,9/7/2022,13000,13000,3000,0,0
W20146,4,Waiyaki Way,SUPA FAST,10000,9/7/2022,10/7/2022,13000,13000,3000,0,0
W20146,5,Waiyaki Way,SUPA FAST,10000,10/3/2022,11/2/2022,13000,13000,3000,0,0
W20147,1,Waiyaki Way,SUPA FAST,6000,6/20/2022,7/20/2022,7800,7800,1800,500,0
W20147,2,Waiyaki Way,SUPA FAST,6000,7/4/2022,8/3/2022,7800,7800,1800,0,0
W20147,3,Waiyaki Way,SUPA FAST,6000,7/21/2022,8/20/2022,7800,7800,1800,0,0
W20147,4,Waiyaki Way,SUPA FAST,6000,8/8/2022,9/7/2022,7800,7800,1800,0,0
W20147,5,Waiyaki Way,SUPA FAST,6000,8/23/2022,8/22/2022,7800,7800,1800,0,0
W20147,6,Waiyaki Way,SUPA FAST,6000,9/21/2022,10/21/2022,7800,7800,1800,0,0
W20147,7,Waiyaki Way,SUPA FAST,6000,10/12/2022,11/11/2022,7800,7800,1800,0,0
W20147,8,Waiyaki Way,SUPA FAST,6000,11/2/2022,12/2/2022,7800,7800,1800,0,0
W20147,9,Waiyaki Way,SUPA FAST,6000,11/23/2022,12/23/2022,7800,7800,1800,0,0
W20147,10,Waiyaki Way,SUPA FAST,6000,12/9/2022,1/8/2023,7800,7800,1800,0,0
W20147,11,Waiyaki Way,SUPA FAST,6000,1/6/2023,2/5/2023,7800,7800,1800,0,0
W20147,12,Waiyaki Way,SUPA FAST,6000,1/25/2023,2/24/2023,7800,7800,1800,0,0
W20147,13,Waiyaki Way,SUPA FAST,7000,2/22/2023,3/24/2023,9100,9100,2100,0,0
W20147,14,Waiyaki Way,SUPA FAST,7000,3/22/2023,4/21/2023,9100,9100,2100,0,0
W20147,15,Waiyaki Way,SUPA FAST,7000,4/19/2023,5/19/2023,9100,9100,2100,0,0
W20147,16,Waiyaki Way,SUPA FAST,7000,5/17/2023,6/16/2023,9100,9100,2100,0,0
W20147,17,Waiyaki Way,SUPA FAST,7000,6/15/2023,7/15/2023,9100,9100,2100,0,0
W20147,18,Waiyaki Way,SUPA FAST,7000,8/19/2023,9/18/2023,9100,0,2100,0,0
W20148,1,Waiyaki Way,SUPA FAST,10000,6/22/2022,7/22/2022,13000,13000,3000,500,0
W20148,2,Waiyaki Way,SUPA FAST,10000,7/14/2022,8/13/2022,13000,13000,3000,0,0
W20148,3,Waiyaki Way,SUPA FAST,10000,8/8/2022,9/7/2022,13000,13000,3000,0,0
W20148,4,Waiyaki Way,SUPA FAST,10000,9/6/2022,10/6/2022,13000,13000,3000,0,0
W20148,5,Waiyaki Way,SUPA FAST,10000,10/6/2022,11/5/2022,13000,13000,3000,0,0
W20148,6,Waiyaki Way,SUPA FAST,12000,11/1/2022,12/1/2022,15600,15600,3600,0,0
W20148,7,Waiyaki Way,SUPA FAST,12000,11/30/2022,12/30/2022,15600,15600,3600,0,0
W20148,8,Waiyaki Way,SUPA FAST,12000,12/30/2022,1/29/2023,15600,15600,3600,0,0
W20148,9,Waiyaki Way,SUPA FAST,12000,1/28/2023,2/27/2023,15600,15600,3600,0,0
W20148,10,Waiyaki Way,SUPA FAST,12000,2/27/2023,3/29/2023,15600,15600,3600,0,0
W20148,11,Waiyaki Way,SUPA FAST,15000,3/23/2023,4/22/2023,19500,19500,4500,0,0
W20148,12,Waiyaki Way,SUPA FAST,15000,4/20/2023,5/20/2023,19500,19500,4500,0,0
W20148,13,Waiyaki Way,SUPA FAST,15000,5/20/2022,6/19/2023,19500,19500,4500,0,0
W20148,14,Waiyaki Way,SUPA FAST,15000,6/19/2022,7/19/2023,19500,19500,4500,0,0
W20148,15,Waiyaki Way,SUPA FAST,15000,7/13/2023,8/12/2023,19500,19500,4500,0,0
W20149,1,Waiyaki Way,SUPA FAST,8000,6/22/2022,7/22/2022,10400,10400,2400,500,0
W20150,1,Waiyaki Way,SUPA FAST,5000,6/22/2022,7/22/2022,6500,6500,1500,500,0
W20150,2,Waiyaki Way,SUPA FAST,5000,7/19/2022,8/18/2022,6500,3050,1500,0,1400
W20151,1,Waiyaki Way,SUPA FAST,10000,6/22/2022,7/22/2022,13000,1150,3000,500,2800
W20152,1,Waiyaki Way,SUPA FAST,8000,6/24/2022,7/24/2022,10400,10400,2400,500,0
W20152,2,Waiyaki Way,SUPA FAST,8000,7/13/2022,8/12/2022,10400,10400,2400,0,0
W20152,3,Waiyaki Way,SUPA FAST,8000,8/8/2022,9/7/2022,10400,10400,2400,0,0
W20153,1,Waiyaki Way,SUPA FAST,5000,6/25/2022,7/25/2022,6500,6500,1500,500,0
W20153,2,Waiyaki Way,SUPA FAST,5000,7/14/2022,8/13/2022,6500,6500,1500,0,0
W20153,3,Waiyaki Way,SUPA FAST,5000,8/17/2022,9/16/2022,6500,2810,1500,0,1400
W20154,1,Waiyaki Way,SUPA FAST,10000,6/27/2022,7/27/2022,13000,13000,3000,500,0
W20154,2,Waiyaki Way,SUPA FAST,10000,7/26/2022,8/25/2022,13000,13000,3000,0,0
W20155,1,Waiyaki Way,SUPA FAST,10000,6/28/2022,7/28/2022,13000,500,3000,500,2800
W20156,2,Waiyaki Way,SUPA FAST,6000,6/28/2022,7/28/2022,7800,7800,1800,500,0
W20156,2,Waiyaki Way,SUPA FAST,6000,7/13/2022,8/12/2022,7800,7800,1800,0,0
W20157,1,Waiyaki Way,SUPA FAST,5000,6/29/2022,7/29/2022,6500,6500,1500,500,0
W20157,2,Waiyaki Way,SUPA FAST,5000,7/21/2022,8/20/2022,6500,6500,1500,0,0
W20157,3,Waiyaki Way,SUPA FAST,5000,8/22/2022,9/21/2022,6500,1170,1500,0,1400
W20158,1,Waiyaki Way,SUPA FAST,10000,6/29/2022,7/29/2022,13000,13000,3000,0,0
W20158,2,Waiyaki Way,SUPA FAST,10000,7/21/2022,8/20/2022,13000,13000,3000,0,0
W20158,3,Waiyaki Way,SUPA FAST,10000,8/15/2022,9/14/2022,13000,13000,3000,0,0
W20158,4,Waiyaki Way,SUPA FAST,12000,9/14/2022,10/14/2022,15600,13500,3600,0,3360
W20159,1,Waiyaki Way,SUPA FAST,10000,6/30/2022,7/30/2022,13000,13000,3000,500,0
W20159,2,Waiyaki Way,SUPA FAST,10000,7/27/2022,8/26/2022,13000,0,3000,0,2800
W20160,1,Waiyaki Way,SUPA FAST,10000,6/30/2022,7/30/2022,13000,13000,3000,500,0
W20161,1,Waiyaki Way,SUPA FAST,10000,7/1/2022,7/31/2022,13000,13000,3000,500,0
W20161,2,Waiyaki Way,SUPA FAST,10000,7/20/2022,8/19/2022,13000,13000,3000,0,0
W20161,3,Waiyaki Way,SUPA FAST,10000,8/19/2022,9/18/2022,13000,2200,3000,0,2800
W20162,1,Waiyaki Way,SUPA FAST,10000,7/4/2022,8/3/2022,13000,13000,3000,500,0
W20162,2,Waiyaki Way,SUPA FAST,10000,7/18/2022,8/17/2022,13000,13000,3000,0,0
W20162,3,Waiyaki Way,SUPA FAST,10000,8/16/2022,9/15/2022,13000,7800,3000,0,2800
W20163,1,Waiyaki Way,SUPA FAST,10000,7/5/2022,8/4/2022,13000,13000,3000,500,0
W20163,2,Waiyaki Way,SUPA FAST,10000,8/4/2022,9/3/2022,13000,13000,3000,0,0
W20163,3,Waiyaki Way,SUPA FAST,10000,9/16/2022,10/16/2022,13000,13000,3000,0,0
W20163,4,Waiyaki Way,SUPA FAST,10000,10/19/2022,11/18/2022,13000,13000,3000,0,0
W20163,5,Waiyaki Way,SUPA FAST,10000,11/18/2022,12/18/2022,13000,13000,3000,0,0
W20163,6,Waiyaki Way,SUPA FAST,10000,12/19/2022,1/18/2023,13000,13000,3000,0,0
W20163,7,Waiyaki Way,SUPA FAST,10000,1/18/2023,2/17/2023,13000,13000,3000,0,0
W20163,8,Waiyaki Way,SUPA FAST,10000,2/14/2023,3/16/2023,13000,13000,3000,0,0
W20163,9,Waiyaki Way,SUPA FAST,10000,3/16/2023,4/15/2023,13000,13000,3000,0,0
W20163,10,Waiyaki Way,SUPA FAST,10000,4/8/2023,5/8/2023,13000,13000,3000,0,0
W20163,11,Waiyaki Way,SUPA FAST,10000,6/15/2023,7/15/2023,13000,13000,3000,0,0
W20163,12,Waiyaki Way,SUPA FAST,10000,7/10/2023,8/9/2023,13000,13000,3000,0,0
W20163,13,Waiyaki Way,SUPA FAST,10000,8/8/2023,9/7/2023,13000,13000,3000,0,0
W20164,1,Waiyaki Way,SUPA FAST,8000,7/6/2022,8/5/2022,10400,10400,2400,500,0
W20164,2,Waiyaki Way,SUPA FAST,8000,8/4/2022,9/3/2022,10400,10400,2400,0,0
W20164,3,Waiyaki Way,SUPA FAST,8000,8/31/2022,9/30/2022,10400,10400,2400,0,0
W20164,4,Waiyaki Way,SUPA FAST,8000,9/28/2022,10/28/2022,10400,0,2400,0,2640
W20165,1,Waiyaki Way,SUPA FAST,10000,7/9/2022,8/8/2022,13000,13000,3000,500,0
W20166,1,Waiyaki Way,SUPA FAST,10000,7/12/2022,8/11/2022,13000,13000,3000,500,0
W20166,2,Waiyaki Way,SUPA FAST,10000,8/3/2022,9/2/2022,13000,13000,3000,0,0
W20167,1,Waiyaki Way,SUPA FAST,10000,7/14/2022,8/13/2022,13000,13000,3000,500,0
W20167,2,Waiyaki Way,SUPA FAST,10000,7/27/2022,8/26/2022,13000,13000,3000,0,0
W20168,3,Waiyaki Way,SUPA FAST,10000,7/14/2022,8/13/2022,13000,13000,3000,500,0
W20169,1,Waiyaki Way,SUPA FAST,5000,7/19/2022,8/18/2022,6500,6500,1500,500,0
W20169,2,Waiyaki Way,SUPA FAST,5000,8/2/2022,9/1/2022,6500,6500,1500,0,0
W20170,1,Waiyaki Way,SUPA FAST,10000,7/19/2022,8/18/2022,13000,13000,3000,500,0
W20170,2,Waiyaki Way,SUPA FAST,10000,8/15/2022,9/14/2022,13000,13000,3000,0,0
W20170,3,Waiyaki Way,SUPA FAST,10000,9/8/2022,10/8/2022,13000,13000,3000,0,0
W20170,4,Waiyaki Way,SUPA FAST,12000,9/28/2022,10/28/2022,15600,15600,3600,0,0
W20170,5,Waiyaki Way,SUPA FAST,12000,10/24/2022,11/23/2022,15600,15600,3600,0,0
W20170,6,Waiyaki Way,SUPA FAST,12000,11/15/2022,12/15/2022,15600,3000,3600,0,3360
W20171,1,Waiyaki Way,SUPA FAST,5000,7/20/2022,8/19/2022,6500,6500,1500,500,0
W20172,1,Waiyaki Way,SUPA FAST,5000,9/24/2022,10/24/2022,6500,6500,1500,500,0
W20173,1,Waiyaki Way,SUPA FAST,5000,9/27/2022,10/27/2022,6500,6500,1500,500,0
W20174,1,Waiyaki Way,SUPA FAST,5000,9/29/2022,10/29/2022,6500,6500,1500,500,0
W20174,2,Waiyaki Way,SUPA FAST,5000,10/27/2022,11/26/2022,6500,6500,1500,0,0
W20174,3,Waiyaki Way,SUPA FAST,5000,11/10/2022,12/10/2022,6500,6500,1500,0,0
W20174,4,Waiyaki Way,SUPA FAST,5000,12/7/2022,1/6/2023,6500,6500,1500,0,0
W20174,5,Waiyaki Way,SUPA FAST,5000,1/5/2023,2/4/2023,6500,6500,1500,0,0
W20174,6,Waiyaki Way,SUPA FAST,5000,2/2/2023,3/4/2023,6500,6500,1500,0,0
W20174,7,Waiyaki Way,SUPA FAST,5000,3/2/2023,4/1/2023,6500,6500,1500,0,0
W20174,8,Waiyaki Way,SUPA FAST,6000,3/29/2023,4/28/2023,7800,7800,1800,0,0
W20174,9,Waiyaki Way,SUPA FAST,6000,4/27/2023,5/27/2023,7800,7800,1800,0,0
W20174,10,Waiyaki Way,SUPA FAST,6000,5/26/2023,6/25/2023,7800,3300,1800,0,960
W20175,1,Waiyaki Way,SUPA FAST,3000,10/4/2022,11/3/2022,3900,3900,900,0,0
W20175,2,Waiyaki Way,SUPA FAST,3000,11/2/2022,12/1/2022,3900,3900,900,0,0
W20175,3,Waiyaki Way,SUPA FAST,3000,12/2/2022,1/1/2023,3900,1900,900,0,840
W20176,1,Waiyaki Way,SUPA FAST,10000,10/5/2022,11/4/2022,13000,13000,3000,500,0
W20176,2,Waiyaki Way,SUPA FAST,10000,10/27/2022,11/26/2022,13000,13000,3000,0,0
W20176,3,Waiyaki Way,SUPA FAST,12000,11/17/2022,12/17/2022,15600,15600,3600,0,0
W20176,4,Waiyaki Way,SUPA FAST,12000,12/8/2022,1/7/2023,15600,15600,3600,0,0
W20176,5,Waiyaki Way,SUPA FAST,12000,1/5/2023,2/4/2023,15600,15600,3600,0,0
W20176,6,Waiyaki Way,SUPA FAST,12000,1/23/2023,2/22/2023,15600,15600,3600,0,0
W20176,7,Waiyaki Way,SUPA FAST,12000,2/21/2023,2/23/2023,15600,15600,3600,0,0
W20177,1,Waiyaki Way,SUPA FAST,8000,10/5/2022,11/4/2022,10400,10400,2400,500,0
W20177,2,Waiyaki Way,SUPA FAST,8000,11/2/2022,12/2/2022,10400,10400,2400,0,0
W20177,3,Waiyaki Way,SUPA FAST,8000,11/30/2022,12/30/2022,10400,8720,2400,0,2640
W20178,1,Waiyaki Way,SUPA FAST,5000,10/7/2022,11/6/2022,6500,6500,1500,500,0
W20178,2,Waiyaki Way,SUPA FAST,5000,11/7/2022,12/7/2022,6500,6500,1500,0,0
W20178,3,Waiyaki Way,SUPA FAST,5000,12/5/2022,1/4/2023,6500,6500,1500,0,0
W20178,4,Waiyaki Way,SUPA FAST,5000,1/6/2023,2/5/2023,6500,2700,1500,0,800
W20179,1,Waiyaki Way,SUPA FAST,5000,10/7/2022,11/6/2022,6500,6500,1500,0,0
W20179,2,Waiyaki Way,SUPA FAST,5000,10/17/2022,11/16/2022,6500,6500,1500,0,0
W20179,3,Waiyaki Way,SUPA FAST,5000,10/28/2022,11/27/2022,6500,6500,1500,0,0
W20179,4,Waiyaki Way,SUPA FAST,5000,11/7/2022,12/7/2022,6500,6500,1500,0,0
W20179,5,Waiyaki Way,SUPA FAST,7000,11/18/2022,12/18/2022,9100,9100,2100,0,0
W20179,6,Waiyaki Way,SUPA FAST,7000,11/28/2022,12/28/2022,9100,9100,2100,0,0
W20179,7,Waiyaki Way,SUPA FAST,7000,12/6/2022,1/5/2023,9100,9100,2100,0,0
W20179,8,Waiyaki Way,SUPA FAST,10000,12/16/2022,1/15/2023,13000,13000,3000,0,0
W20179,9,Waiyaki Way,SUPA FAST,10000,12/28/2022,1/27/2023,13000,13000,3000,0,0
W20179,10,Waiyaki Way,SUPA FAST,10000,1/9/2023,2/8/2023,13000,13000,3000,0,0
W20179,11,Waiyaki Way,SUPA FAST,10000,1/19/2023,2/18/2023,13000,13000,3000,0,0
W20179,12,Waiyaki Way,SUPA FAST,10000,1/26/2023,2/25/2023,13000,13000,3000,0,0
W20179,13,Waiyaki Way,SUPA FAST,12000,2/6/2023,3/8/2023,15600,15600,3600,0,0
W20179,14,Waiyaki Way,SUPA FAST,12000,2/17/2023,3/19/2023,15600,15600,3600,0,0
W20179,15,Waiyaki Way,SUPA FAST,12000,2/25/2023,3/27/2023,15600,15600,3600,0,0
W20179,16,Waiyaki Way,SUPA FAST,14000,2/28/2023,3/30/2023,18200,18200,4200,0,0
W20179,17,Waiyaki Way,SUPA FAST,14000,3/11/2023,4/10/2023,18200,18200,4200,0,0
W20179,18,Waiyaki Way,SUPA FAST,14000,4/6/2023,5/6/2023,18200,10500,4200,0,840
W20180,1,Waiyaki Way,SUPA FAST,5000,10/8/2022,11/7/2022,6500,6500,1500,500,0
W20180,2,Waiyaki Way,SUPA FAST,5000,11/3/2022,12/3/2022,6500,6500,1500,0,0
W20180,3,Waiyaki Way,SUPA FAST,5000,11/28/2022,12/28/2022,6500,6500,1500,0,0
W20180,4,Waiyaki Way,SUPA FAST,5000,12/21/2022,1/20/2023,6500,6500,1500,0,0
W20180,5,Waiyaki Way,SUPA FAST,5000,1/19/2023,2/18/2023,6500,6500,1500,0,0
W20180,6,Waiyaki Way,SUPA FAST,5000,2/20/2023,3/22/2023,6500,6500,1500,0,0
W20180,7,Waiyaki Way,SUPA FAST,5000,3/22/2023,4/21/2023,6500,6500,1500,0,0
W20180,8,Waiyaki Way,SUPA FAST,5000,4/25/2023,5/25/2023,6500,5500,1500,0,1800
W20181,1,Waiyaki Way,SUPA FAST,5000,10/8/2022,11/7/2022,6500,6500,1500,500,0
W20182,1,Waiyaki Way,SUPA FAST,5000,10/11/2022,11/10/2022,6500,6500,1500,500,0
W20182,2,Waiyaki Way,SUPA FAST,5000,10/28/2022,11/27/2022,6500,6500,1500,0,0
W20182,3,Waiyaki Way,SUPA FAST,5000,11/18/2022,12/18/2022,6500,6500,1500,0,0
W20182,4,Waiyaki Way,SUPA FAST,5000,12/8/2023,1/7/2023,6500,6500,1500,0,0
W20182,5,Waiyaki Way,SUPA FAST,5000,1/5/2022,2/4/2023,6500,500,1500,0,800
W20183,1,Waiyaki Way,SUPA FAST,5000,10/13/2022,11/12/2022,6500,6500,1500,500,0
W20183,2,Waiyaki Way,SUPA FAST,5000,11/5/2022,12/5/2022,6500,6500,1500,0,0
W20183,3,Waiyaki Way,SUPA FAST,5000,1/4/2023,2/3/2023,6500,0,1500,0,1400
W20184,1,Waiyaki Way,SUPA FAST,3000,10/14/2022,11/13/2022,3900,3900,900,500,0
W20185,1,Waiyaki Way,SUPA FAST,5000,10/15/2022,11/14/2022,6500,6500,1500,500,0
W20185,2,Waiyaki Way,SUPA FAST,5000,11/12/2022,12/11/2022,6500,6500,1500,0,0
W20185,3,Waiyaki Way,SUPA FAST,5000,12/3/2022,1/2/2023,6500,6500,1500,0,0
W20185,4,Waiyaki Way,SUPA FAST,7000,12/24/2022,1/23/2023,9100,9100,2100,0,0
W20185,5,Waiyaki Way,SUPA FAST,7000,2/2/2023,3/4/2023,9100,7000,2100,0,1960
W20186,1,Waiyaki Way,SUPA FAST,7000,10/18/2022,11/17/2022,9100,9100,2100,500,0
W20186,2,Waiyaki Way,SUPA FAST,7000,11/15/2022,12/15/2022,9100,9100,2100,0,0
W20186,3,Waiyaki Way,SUPA FAST,7000,11/28/2022,12/28/2022,9100,9100,2100,0,0
W20186,4,Waiyaki Way,SUPA FAST,7000,12/9/2022,1/8/2023,9100,9100,2100,0,0
W20186,5,Waiyaki Way,SUPA FAST,7000,1/6/2023,2/8/2023,9100,9100,2100,0,0
W20186,6,Waiyaki Way,SUPA FAST,10000,2/8/2023,3/10/2023,13000,13000,3000,0,0
W20186,7,Waiyaki Way,SUPA FAST,10000,3/8/2023,4/7/2023,13000,13000,3000,0,0
W20186,8,Waiyaki Way,SUPA FAST,10000,4/5/2023,5/5/2023,13000,13000,3000,0,0
W20186,9,Waiyaki Way,SUPA FAST,10000,7/26/2023,8/25/2023,13000,0,3000,0,0
W20187,1,Waiyaki Way,SUPA FAST,8000,10/25/2022,11/24/2022,10400,10400,2400,500,0
W20187,2,Waiyaki Way,SUPA FAST,8000,11/23/2022,12/23/2022,10400,10400,2400,0,0
W20187,3,Waiyaki Way,SUPA FAST,8000,12/17/2022,1/16/2023,10400,10400,2400,0,0
W20187,4,Waiyaki Way,SUPA FAST,8000,1/14/2023,2/13/2023,10400,10400,2400,0,0
W20188,1,Waiyaki Way,SUPA FAST,5000,10/25/2022,11/24/2022,6500,6500,1500,500,0
W20188,2,Waiyaki Way,SUPA FAST,5000,11/25/2022,12/25/2022,6500,3200,1500,0,800
W20189,1,Waiyaki Way,SUPA FAST,10000,10/25/2022,11/24/2022,13000,13000,3000,500,0
W20189,2,Waiyaki Way,SUPA FAST,10000,11/23/2022,12/23/2022,13000,13000,3000,0,0
W20189,3,Waiyaki Way,SUPA FAST,10000,12/22/2022,1/21/2023,13000,13000,3000,0,0
W20189,4,Waiyaki Way,SUPA FAST,10000,1/16/2023,2/15/2023,13000,13000,3000,0,0
W20189,5,Waiyaki Way,SUPA FAST,10000,2/13/2023,3/15/2023,13000,13000,3000,0,0
W20190,1,Waiyaki Way,SUPA FAST,3000,10/27/2022,11/26/2022,3900,3900,900,500,0
W20190,2,Waiyaki Way,SUPA FAST,3000,11/25/2022,12/24/2022,3900,0,900,0,840
W20191,1,Waiyaki Way,SUPA FAST,10000,11/2/2022,12/2/2022,13000,13000,3000,500,0
W20191,2,Waiyaki Way,SUPA FAST,10000,11/30/2022,12/30/2022,13000,13000,3000,0,0
W20191,3,Waiyaki Way,SUPA FAST,10000,12/28/2022,1/27/2023,13000,13000,3000,0,0
W20191,4,Waiyaki Way,SUPA FAST,12000,1/19/2023,2/18/2023,15600,3200,3600,0,3360
W20192,1,Waiyaki Way,SUPA FAST,8000,11/4/2022,12/4/2022,10400,10400,2400,500,0
W20192,2,Waiyaki Way,SUPA FAST,8000,12/1/2022,12/31/2022,10400,550,2400,0,730
W20193,1,Waiyaki Way,SUPA FAST,5000,11/5/2022,12/5/2022,6500,5020,1500,500,1400
W20194,1,Waiyaki Way,SUPA FAST,8000,11/10/2022,12/10/2022,10400,10400,2400,500,0
W20194,2,Waiyaki Way,SUPA FAST,8000,11/28/2022,12/28/2022,10400,10400,2400,0,0
W20194,3,Waiyaki Way,SUPA FAST,8000,12/20/2022,1/19/2023,10400,10400,2400,0,0
W20194,4,Waiyaki Way,SUPA FAST,8000,1/17/2023,2/16/2023,10400,10400,2400,0,0
W20194,5,Waiyaki Way,SUPA FAST,8000,2/13/2023,3/15/2023,10400,10400,2400,0,0
W20194,6,Waiyaki Way,SUPA FAST,8000,3/11/2023,4/10/2023,10400,10400,2400,0,0
W20194,7,Waiyaki Way,SUPA FAST,8000,4/6/2023,5/6/2023,10400,10400,2400,0,0
W20194,8,Waiyaki Way,SUPA FAST,8000,5/4/2023,6/3/2023,10400,10400,2400,0,0
W20194,9,Waiyaki Way,SUPA FAST,8000,5/27/2023,6/26/2023,10400,10400,2400,0,0
W20194,10,Waiyaki Way,SUPA FAST,8000,6/24/2023,7/24/2023,10400,10400,2400,0,0
W20194,11,Waiyaki Way,SUPA FAST,8000,7/17/2023,8/16/2023,10400,10400,2400,0,0
W20195,1,Waiyaki Way,SUPA FAST,5000,11/11/2022,12/11/2022,6500,6500,1500,500,0
W20195,2,Waiyaki Way,SUPA FAST,4000,12/8/2022,1/7/2023,5200,5200,1200,0,0
W20195,3,Waiyaki Way,SUPA FAST,5000,1/6/2023,2/5/2023,6500,6500,1500,0,0
W20195,4,Waiyaki Way,SUPA FAST,5000,1/30/2023,3/1/2023,6500,6500,1500,0,0
W20195,5,Waiyaki Way,SUPA FAST,5000,4/13/2023,5/13/2023,6500,6500,1500,0,0
W20195,6,Waiyaki Way,SUPA FAST,5000,5/12/2023,6/11/2023,6500,6500,1500,0,0
W20195,7,Waiyaki Way,SUPA FAST,6000,6/6/2023,7/6/2023,7800,7800,1800,0,0
W20195,8,Waiyaki Way,SUPA FAST,6000,7/5/2023,8/4/2023,7800,0,1800,0,360
W20196,1,Waiyaki Way,SUPA FAST,5000,11/11/2022,12/11/2022,6500,6500,1500,500,0
W20196,2,Waiyaki Way,SUPA FAST,5000,12/13/2022,1/12/2022,6500,6500,1500,0,0
W20196,3,Waiyaki Way,SUPA FAST,5000,1/12/2023,2/11/2023,6500,2000,1500,0,1400
W20197,1,Waiyaki Way,SUPA FAST,2500,11/12/2022,12/12/2022,3250,3250,750,500,0
W20197,2,Waiyaki Way,SUPA FAST,2500,12/15/2022,1/14/2023,3250,3250,750,0,0
W20197,3,Waiyaki Way,SUPA FAST,2500,1/16/2023,2/15/2023,3250,3250,750,0,0
W20197,4,Waiyaki Way,SUPA FAST,2500,2/14/2023,3/16/2023,3250,3250,750,0,0
W20198,1,Waiyaki Way,SUPA FAST,7000,11/14/2022,12/14/2023,9100,9100,2100,500,0
W20198,2,Waiyaki Way,SUPA FAST,7000,12/6/2022,1/5/2023,9100,9100,2100,0,0
W20198,3,Waiyaki Way,SUPA FAST,7000,1/4/2023,2/3/2023,9100,9100,2100,0,0
W20198,4,Waiyaki Way,SUPA FAST,7000,1/25/2023,2/24/2023,9100,9100,2100,0,0
W20198,5,Waiyaki Way,SUPA FAST,7000,2/21/2023,3/23/2023,9100,9100,2100,0,0
W20198,6,Waiyaki Way,SUPA FAST,7000,3/21/2023,4/20/2023,9100,9100,2100,0,0
W20198,7,Waiyaki Way,SUPA FAST,8000,4/18/2023,5/18/2023,10400,2400,2400,0,0
W20198,8,Waiyaki Way,SUPA FAST,8000,5/16/2023,6/15/2023,10400,10400,2400,0,0
W20198,9,Waiyaki Way,SUPA FAST,8000,6/15/2023,7/15/2023,10400,10400,2400,0,0
W20198,10,Waiyaki Way,SUPA FAST,8000,7/17/2023,8/16/2023,10400,10400,2400,0,0
W20199,1,Waiyaki Way,SUPA FAST,7000,11/15/2022,12/15/2022,9100,9100,2100,500,0
W20199,2,Waiyaki Way,SUPA FAST,7000,12/14/2022,1/13/2023,9100,0,2100,0,1120
W20200,1,Waiyaki Way,SUPA FAST,8000,11/16/2022,12/16/2022,10400,10400,2400,500,0
W20200,2,Waiyaki Way,SUPA FAST,8000,12/7/2022,1/6/2023,10400,10400,2400,0,0
W20200,3,Waiyaki Way,SUPA FAST,8000,12/17/2022,1/16/2023,10400,10400,2400,0,0
W20200,4,Waiyaki Way,SUPA FAST,8000,12/29/2022,1/28/2023,10400,10400,2400,0,0
W20200,5,Waiyaki Way,SUPA FAST,10000,1/11/2023,2/10/2023,13000,13000,3000,0,0
W20200,6,Waiyaki Way,SUPA FAST,10000,1/18/2023,2/17/2023,13000,13000,3000,0,0
W20200,7,Waiyaki Way,SUPA FAST,10000,2/7/2023,3/9/2023,13000,13000,3000,0,0
W20200,8,Waiyaki Way,SUPA FAST,10000,3/7/2023,4/6/2023,13000,13000,3000,0,0
W20200,9,Waiyaki Way,SUPA FAST,10000,4/4/2023,5/4/2023,13000,0,3000,0,2800
W20201,1,Waiyaki Way,SUPA FAST,5000,11/17/2022,12/17/2022,6500,6500,1500,500,0
W20201,2,Waiyaki Way,SUPA FAST,5000,12/15/2022,1/14/2023,6500,6500,1500,0,0
W20201,3,Waiyaki Way,SUPA FAST,5000,1/12/2023,2/11/2023,6500,6500,1500,0,0
W20201,4,Waiyaki Way,SUPA FAST,5000,2/9/2023,3/11/2023,6500,6500,1500,0,0
W20201,5,Waiyaki Way,SUPA FAST,5000,4/13/2023,5/13/2023,6500,6500,1500,0,0
W20201,6,Waiyaki Way,SUPA FAST,5000,5/11/2023,6/10/2023,6500,6500,1500,0,0
W20201,7,Waiyaki Way,SUPA FAST,5000,6/8/2023,7/8/2023,6500,6500,1500,0,0
W20201,8,Waiyaki Way,SUPA FAST,5000,7/3/2023,8/2/2023,6500,6500,1500,0,0
W20201,9,Waiyaki Way,SUPA FAST,5000,7/26/2023,8/25/2023,6500,3250,1500,0,0
W20202,1,Waiyaki Way,SUPA FAST,4000,11/18/2022,12/18/2022,5200,5200,1200,500,0
W20202,2,Waiyaki Way,SUPA FAST,4000,12/5/2022,1/4/2023,5200,5200,1200,0,0
W20202,3,Waiyaki Way,SUPA FAST,4000,12/22/2022,1/21/2023,5200,5200,1200,0,0
W20202,4,Waiyaki Way,SUPA FAST,5500,1/16/2023,2/15/2023,7150,7150,1650,0,0
W20202,5,Waiyaki Way,SUPA FAST,5500,2/14/2023,3/16/2023,7150,7150,1650,0,0
W20202,6,Waiyaki Way,SUPA FAST,5000,3/14/2023,4/13/2023,6500,6500,1500,0,0
W20202,7,Waiyaki Way,SUPA FAST,5500,4/13/2023,5/13/2023,7150,7150,1650,0,0
W20202,8,Waiyaki Way,SUPA FAST,5500,5/11/2023,6/10/2023,7150,7150,1650,0,0
W20202,9,Waiyaki Way,SUPA FAST,6500,6/9/2023,7/9/2023,8450,8450,1950,0,0
W20202,10,Waiyaki Way,SUPA FAST,6500,7/10/2023,8/9/2023,8450,8450,1950,0,0
W20203,1,Waiyaki Way,SUPA FAST,10000,11/18/2022,12/18/2022,13000,13000,3000,500,0
W20203,2,Waiyaki Way,SUPA FAST,10000,12/16/2022,1/15/2023,13000,13000,3000,0,0
W20203,3,Waiyaki Way,SUPA FAST,10000,1/13/2023,2/12/2023,13000,13000,3000,0,0
W20203,4,Waiyaki Way,SUPA FAST,12000,2/7/2023,3/9/2023,15600,0,3600,0,720
W20204,1,Waiyaki Way,SUPA FAST,5000,11/18/2022,12/18/2022,6500,6500,1500,500,0
W20204,2,Waiyaki Way,SUPA FAST,5000,12/2/2022,1/1/2023,6500,6500,1500,0,0
W20204,3,Waiyaki Way,SUPA FAST,5000,12/15/2022,1/14/2023,6500,6500,1500,0,0
W20204,4,Waiyaki Way,SUPA FAST,5000,1/12/2023,2/11/2023,6500,6500,1500,0,0
W20204,5,Waiyaki Way,SUPA FAST,5000,4/19/2023,5/19/2023,6500,6500,1500,0,0
W20204,6,Waiyaki Way,SUPA FAST,5000,5/18/2023,6/17/2023,6500,6500,1500,0,0
W20204,7,Waiyaki Way,SUPA FAST,5000,6/26/2023,7/26/2023,6500,6500,1500,0,0
W20204,8,Waiyaki Way,SUPA FAST,5000,7/24/2023,8/23/2023,6500,0,1500,0,0
W20205,1,Waiyaki Way,SUPA FAST,5000,11/19/2022,12/19/2022,6500,6500,1500,500,0
W20205,2,Waiyaki Way,SUPA FAST,5000,12/23/2022,1/22/2023,6500,6500,1500,0,0
W20205,3,Waiyaki Way,SUPA FAST,5000,1/17/2023,2/16/2023,6500,6500,1500,0,0
W20205,4,Waiyaki Way,SUPA FAST,5000,2/11/2023,3/13/2023,6500,6500,1500,0,0
W20205,5,Waiyaki Way,SUPA FAST,5000,3/13/2023,4/12/2023,6500,6500,1500,0,0
W20205,6,Waiyaki Way,SUPA FAST,7000,3/23/2023,4/22/2023,9100,9100,2100,0,0
W20205,7,Waiyaki Way,SUPA FAST,7000,4/20/2023,5/20/2023,9100,9100,2100,0,0
W20205,8,Waiyaki Way,SUPA FAST,10000,5/18/2023,6/17/2023,9100,9100,2100,0,0
W20205,9,Waiyaki Way,SUPA FAST,10000,6/15/2023,7/15/2023,9100,9100,2100,0,0
W20206,1,Waiyaki Way,SUPA FAST,5000,11/21/2022,12/21/2022,6500,5000,1500,500,1400
W20207,1,Waiyaki Way,SUPA FAST,5000,11/23/2022,12/23/2022,6500,360,1500,500,1400
W20208,1,Waiyaki Way,SUPA FAST,10000,11/24/2022,12/24/2022,13000,13000,3000,500,0
W20208,2,Waiyaki Way,SUPA FAST,10000,12/20/2022,1/19/2023,13000,13000,3000,0,0
W20208,3,Waiyaki Way,SUPA FAST,10000,1/20/2023,2/19/2023,13000,13000,3000,0,0
W20208,4,Waiyaki Way,SUPA FAST,10000,2/16/2023,3/18/2023,13000,0,3000,0,2800
W20209,1,Waiyaki Way,SUPA FAST,10000,11/25/2022,12/25/2022,13000,13000,3000,0,0
W20209,2,Waiyaki Way,SUPA FAST,10000,12/22/2022,1/21/2023,13000,13000,3000,0,0
W20209,3,Waiyaki Way,SUPA FAST,10000,1/20/2023,2/19/2023,13000,13000,3000,0,0
W20209,4,Waiyaki Way,SUPA FAST,10000,2/16/2023,3/18/2023,13000,0,3000,0,2800
W20210,1,Waiyaki Way,SUPA FAST,10000,11/26/2022,12/26/2022,13000,13000,3000,500,0
W20210,2,Waiyaki Way,SUPA FAST,10000,12/16/2022,1/15/2023,13000,13000,3000,0,0
W20210,3,Waiyaki Way,SUPA FAST,10000,1/13/2023,2/12/2023,13000,13000,3000,0,0
W20210,4,Waiyaki Way,SUPA FAST,10000,2/9/2023,3/11/2023,13000,0,3000,0,2800
W20211,1,Waiyaki Way,SUPA FAST,7000,11/26/2022,12/26/2022,9100,9100,2100,500,0
W20211,2,Waiyaki Way,SUPA FAST,7000,12/24/2022,1/23/2023,9100,9100,2100,0,0
W20211,3,Waiyaki Way,SUPA FAST,7000,1/21/2023,2/20/2023,9100,9100,2100,0,0
W20211,4,Waiyaki Way,SUPA FAST,7000,2/14/2023,3/16/2023,9100,9100,2100,0,0
W20211,5,Waiyaki Way,SUPA FAST,7000,3/15/2023,4/14/2023,9100,9100,2100,0,0
W20211,6,Waiyaki Way,SUPA FAST,7000,4/21/2023,5/21/2023,9100,9100,2100,0,0
W20212,1,Waiyaki Way,SUPA FAST,5000,11/28/2022,12/28/2022,6500,6500,1500,500,0
W20212,2,Waiyaki Way,SUPA FAST,5000,1/9/2023,2/8/2023,6500,6500,1500,0,0
W20212,3,Waiyaki Way,SUPA FAST,5000,2/7/2023,3/9/2023,6500,6500,1500,0,0
W20212,4,Waiyaki Way,SUPA FAST,5000,2/27/2023,3/29/2023,6500,6500,1500,0,0
W20212,5,Waiyaki Way,SUPA FAST,5000,3/30/2023,4/29/2023,6500,6500,1500,0,0
W20212,6,Waiyaki Way,SUPA FAST,5000,4/25/2023,5/25/2023,6500,6500,1500,0,0
W20213,1,Waiyaki Way,SUPA FAST,3500,12/1/2022,12/31/2022,4550,4550,1050,500,0
W20213,2,Waiyaki Way,SUPA FAST,3500,12/29/2022,1/28/2023,4550,4550,1050,0,0
W20213,3,Waiyaki Way,SUPA FAST,3500,1/24/2023,2/23/2023,4550,4550,1050,0,0
W20213,4,Waiyaki Way,SUPA FAST,3500,2/22/2023,3/24/2023,4550,4550,1050,0,0
W20214,1,Waiyaki Way,SUPA FAST,6000,12/3/2023,1/2/2023,7800,7800,1800,500,0
W20214,2,Waiyaki Way,SUPA FAST,6000,12/30/2022,1/29/2023,7800,4600,1800,0,960
W20215,1,Waiyaki Way,SUPA FAST,10000,12/6/2022,1/5/2023,13000,13000,3000,500,0
W20215,2,Waiyaki Way,SUPA FAST,10000,1/4/2023,2/3/2023,13000,13000,3000,0,0
W20215,3,Waiyaki Way,SUPA FAST,10000,2/4/2023,3/6/2023,13000,13000,3000,0,0
W20215,4,Waiyaki Way,SUPA FAST,10000,3/6/2023,4/5/2023,13000,0,3000,0,2800
W20216,1,Waiyaki Way,SUPA FAST,9000,12/7/2022,1/6/2023,11700,6300,2700,500,540
W20217,1,Waiyaki Way,SUPA FAST,10000,12/8/2022,1/7/2023,13000,13000,3000,500,0
W20217,2,Waiyaki Way,SUPA FAST,5000,1/23/2023,2/22/2023,6500,6500,1500,0,0
W20217,3,Waiyaki Way,SUPA FAST,6000,2/20/2023,3/22/2023,7800,7800,1800,0,0
W20218,1,Waiyaki Way,SUPA FAST,6000,12/9/2022,1/8/2023,7800,7800,1800,500,0
W20218,2,Waiyaki Way,SUPA FAST,6000,1/7/2023,2/6/2023,7800,7800,1800,0,0
W20218,3,Waiyaki Way,SUPA FAST,6000,1/28/2023,2/27/2023,7800,7800,1800,0,0
W20218,4,Waiyaki Way,SUPA FAST,4000,2/15/2023,3/17/2023,5200,5200,1200,0,0
W20219,1,Waiyaki Way,SUPA FAST,10000,12/9/2022,1/8/2023,13000,13000,3000,500,0
W20219,2,Waiyaki Way,SUPA FAST,8000,1/6/2023,2/5/2023,10400,10400,2400,0,0
W20219,3,Waiyaki Way,SUPA FAST,10000,2/8/2023,3/10/2023,13000,13000,3000,0,0
W20219,4,Waiyaki Way,SUPA FAST,10000,3/9/2023,4/8/2023,13000,13000,3000,0,0
W20220,1,Waiyaki Way,SUPA FAST,4500,12/20/2022,1/19/2023,5850,5850,1350,500,0
W20220,2,Waiyaki Way,SUPA FAST,4500,1/18/2023,2/17/2023,5850,5850,1350,0,0
W20220,3,Waiyaki Way,SUPA FAST,4500,2/16/2023,3/18/2023,5850,3702,1350,0,1260
W20221,1,Waiyaki Way,SUPA FAST,10000,12/21/2022,1/20/2023,13000,13000,3000,500,0
W20221,2,Waiyaki Way,SUPA FAST,10000,1/19/2023,2/18/2023,13000,13000,3000,0,0
W20221,3,Waiyaki Way,SUPA FAST,10000,2/16/2023,3/18/2023,13000,13000,3000,0,0
W20222,1,Waiyaki Way,SUPA FAST,10000,1/7/2023,2/6/2023,13000,13000,3000,500,0
W20222,2,Waiyaki Way,SUPA FAST,10000,2/9/2023,3/11/2023,13000,13000,3000,0,0
W20222,3,Waiyaki Way,SUPA FAST,10000,3/16/2023,4/15/2023,13000,13000,3000,0,0
W20222,4,Waiyaki Way,SUPA FAST,13000,4/13/2023,5/13/2023,16900,16900,3900,0,0
W20222,5,Waiyaki Way,SUPA FAST,13000,5/12/2023,6/11/2023,16900,16900,3900,0,0
W20222,6,Waiyaki Way,SUPA FAST,13000,6/6/2023,7/6/2023,16900,16900,3900,0,0
W20222,7,Waiyaki Way,SUPA FAST,13000,7/8/2023,8/7/2023,16900,16900,3900,0,0
W20223,1,Waiyaki Way,SUPA FAST,4000,1/9/2023,2/8/2023,5200,5200,1200,500,0
W20223,2,Waiyaki Way,SUPA FAST,4000,2/6/2023,3/8/2023,5200,0,1200,0,1030
W20224,1,Waiyaki Way,SUPA FAST,10000,1/16/2023,2/15/2023,13000,13000,3000,500,0
W20225,1,Waiyaki Way,SUPA FAST,5000,1/19/2023,2/18/2023,6500,6500,1500,500,0
W20226,1,Waiyaki Way,SUPA FAST,8000,1/26/2023,2/25/2023,10400,10400,2400,500,0
W20226,2,Waiyaki Way,SUPA FAST,8000,2/16/2023,3/18/2023,10400,10400,2400,0,0
W20226,3,Waiyaki Way,SUPA FAST,8000,3/16/2023,4/15/2023,10400,10400,2400,0,0
W20226,4,Waiyaki Way,SUPA FAST,10000,4/13/2023,5/13/2023,13000,13000,3000,0,0
W20226,5,Waiyaki Way,SUPA FAST,10000,5/12/2023,6/11/2023,13000,13000,3000,0,0
W20226,6,Waiyaki Way,SUPA FAST,10000,6/10/2023,7/10/2023,13000,13000,3000,0,0
W20226,7,Waiyaki Way,SUPA FAST,10000,7/11/2023,8/10/2023,13000,13000,3000,0,600
W20227,1,Waiyaki Way,SUPA FAST,3000,1/31/2023,3/2/2023,3900,3900,900,500,0
W20227,2,Waiyaki Way,SUPA FAST,3000,3/3/2023,4/2/2023,3900,3900,900,0,0
W20227,3,Waiyaki Way,SUPA FAST,3000,3/31/2023,4/30/2023,3900,3900,900,0,0
W20227,4,Waiyaki Way,SUPA FAST,3000,4/11/2023,5/11/2023,3900,3900,900,0,0
W20227,5,Waiyaki Way,SUPA FAST,3000,5/10/2023,6/9/2023,3900,3900,900,0,0
W20227,6,Waiyaki Way,SUPA FAST,4000,6/7/2023,7/7/2023,5200,5200,1200,0,0
W20227,7,Waiyaki Way,SUPA FAST,4000,7/7/2023,8/6/2023,5200,5200,1200,0,0
W20227,8,Waiyaki Way,SUPA FAST,4000,8/8/2023,9/7/2023,5200,0,1200,0,0
W20228,1,Waiyaki Way,SUPA FAST,10000,2/1/2023,3/2/2023,13000,9240,3000,500,2800
W20229,1,Waiyaki Way,SUPA FAST,5000,2/2/2023,3/4/2023,6500,6500,1500,500,0
W20229,2,Waiyaki Way,SUPA FAST,5000,3/3/2023,4/2/2023,6500,6500,1500,0,0
W20229,3,Waiyaki Way,SUPA FAST,5000,4/3/2023,5/3/2023,6500,6500,1500,0,0
W20229,4,Waiyaki Way,SUPA FAST,5000,5/4/2023,6/3/2023,6500,6500,1500,0,0
W20229,5,Waiyaki Way,SUPA FAST,6000,6/3/2023,7/3/2023,7800,7800,1800,0,0
W20229,6,Waiyaki Way,SUPA FAST,6000,7/5/2023,8/4/2023,7800,7800,1800,0,0
W20229,7,Waiyaki Way,SUPA FAST,6000,8/7/2023,9/6/2023,7800,1040,1800,0,0
W20230,1,Waiyaki Way,SUPA FAST,5000,2/4/2023,3/6/2023,6500,1519,1500,500,1400
W20231,1,Waiyaki Way,SUPA FAST,5000,2/9/2023,3/11/2023,6500,6500,1500,500,0
W20232,1,Waiyaki Way,SUPA FAST,5000,3/24/2023,4/23/2023,6500,6500,1500,500,0
W20232,2,Waiyaki Way,SUPA FAST,5000,4/21/2023,5/21/2023,6500,6500,1500,0,0
W20232,3,Waiyaki Way,SUPA FAST,5000,5/23/2023,6/22/2023,6500,6500,1500,0,0
W20232,4,Waiyaki Way,SUPA FAST,5000,6/22/2023,7/22/2023,6500,6500,1500,0,0
W20232,5,Waiyaki Way,SUPA FAST,5000,7/17/2023,8/16/2023,6500,6500,1500,0,0
W20232,6,Waiyaki Way,SUPA FAST,7000,8/3/2023,9/2/2023,9100,0,2100,0,0
W20233,1,Waiyaki Way,SUPA FAST,5000,4/14/2023,5/14/2023,6500,6500,1500,500,0
W20233,2,Waiyaki Way,SUPA FAST,5000,5/12/2023,6/11/2023,6500,6500,1500,0,0
W20233,3,Waiyaki Way,SUPA FAST,5000,6/9/2023,7/9/2023,6500,6500,1500,0,0
W20233,4,Waiyaki Way,SUPA FAST,5000,7/14/2023,8/13/2023,6500,4000,1500,0,0
W20234,1,Waiyaki Way,SUPA FAST,10000,4/14/2023,5/14/2023,13000,7000,3000,500,2800
W20235,1,Waiyaki Way,SUPA FAST,10000,4/19/2023,5/19/2023,13000,13000,3000,500,0
W20235,2,Waiyaki Way,SUPA FAST,10000,5/13/2023,6/12/2023,13000,13000,3000,0,0
W20235,3,Waiyaki Way,SUPA FAST,10000,6/7/2023,7/7/2023,13000,13000,3000,0,0
W20235,4,Waiyaki Way,SUPA FAST,12000,7/7/2023,8/6/2023,15600,15600,3600,0,0
W20236,1,Waiyaki Way,SUPA FAST,10000,6/20/2023,7/20/2023,13000,13000,3000,500,0
W20236,2,Waiyaki Way,SUPA FAST,10000,7/21/2023,8/20/2023,13000,0,3000,0,0
W20237,1,Waiyaki Way,SUPA FAST,10000,6/20/2023,7/20/2023,13000,13000,3000,500,0
W20237,2,Waiyaki Way,SUPA FAST,10000,7/14/2023,8/13/2023,13000,3000,3000,0,0
W20238,1,Waiyaki Way,SUPA FAST,10000,6/21/2023,7/21/2023,13000,13000,3000,500,0
W20238,2,Waiyaki Way,SUPA FAST,10000,7/21/2023,8/20/2023,13000,1050,3000,0,0
W20239,1,Waiyaki Way,SUPA FAST,10000,6/21/2023,7/21/2023,13000,3950,3000,500,2800
W20240,1,Waiyaki Way,SUPA FAST,10000,6/22/2023,7/22/2023,13000,13000,3000,500,0
W20240,2,Waiyaki Way,SUPA FAST,10000,7/20/2023,8/19/2023,13000,6000,3000,0,0
W20241,1,Waiyaki Way,SUPA FAST,5000,6/27/2023,7/27/2023,6500,1800,1500,500,800
W20242,1,Waiyaki Way,SUPA FAST,5000,7/5/2023,8/4/2023,6500,220,1500,500,800
W20243,1,Waiyaki Way,SUPA FAST,7000,7/6/2023,8/5/2023,9100,1240,2100,500,420
W20244,1,Waiyaki Way,SUPA FAST,5000,7/6/2023,8/5/2023,6500,440,1500,500,800
W20245,1,Waiyaki Way,SUPA FAST,10000,7/12/2023,8/11/2023,13000,3250,3000,500,600
W20246,1,Waiyaki Way,SUPA FAST,10000,7/12/2023,8/11/2023,13000,2500,3000,500,600
W20247,1,Waiyaki Way,SUPA FAST,10000,7/15/2023,8/14/2023,13000,3590,3000,500,0
W20248,1,Waiyaki Way,SUPA FAST,10000,7/17/2023,8/16/2023,13000,5550,3000,500,0
W20249,1,Waiyaki Way,SUPA FAST,7000,7/17/2023,8/16/2023,9100,9100,2100,500,0
W20249,2,Waiyaki Way,SUPA FAST,7000,8/1/2023,8/31/2023,9100,0,2100,0,0
W20250,1,Waiyaki Way,SUPA FAST,4000,7/19/2023,8/18/2023,5200,1570,1200,500,0
W20251,1,Waiyaki Way,SUPA FAST,8000,7/26/2023,8/25/2023,10400,0,2400,500,0
W20252,1,Waiyaki Way,SUPA FAST,10000,7/31/2023,8/30/2023,13000,0,3000,500,0
W20253,1,Waiyaki Way,SUPA FAST,10000,7/31/2023,8/30/2023,13000,0,3000,500,0
W20254,1,Waiyaki Way,SUPA FAST,10000,8/2/2023,9/1/2023,13000,0,3000,500,0
W20255,1,Waiyaki Way,SUPA FAST,7000,8/2/2023,9/1/2023,9100,0,2100,500,0
W20256,1,Waiyaki Way,SUPA FAST,5000,8/3/2023,9/2/2023,6500,0,1500,500,0